Copyright 1986-2022 Xilinx, Inc. All Rights Reserved.
------------------------------------------------------------------------------------------------------------------------------------------------------------------------------------------------------------------------
| Tool Version : Vivado v.2022.2 (win64) Build 3671981 Fri Oct 14 05:00:03 MDT 2022
| Date         : Sat Dec 27 17:09:30 2025
| Host         : DESKTOP-C8TK0HP running 64-bit major release  (build 9200)
| Command      : report_timing_summary -max_paths 10 -report_unconstrained -file FR_LR_TOP_timing_summary_routed.rpt -pb FR_LR_TOP_timing_summary_routed.pb -rpx FR_LR_TOP_timing_summary_routed.rpx -warn_on_violation
| Design       : FR_LR_TOP
| Device       : 7a100t-csg324
| Speed File   : -1  PRODUCTION 1.23 2018-06-13
------------------------------------------------------------------------------------------------------------------------------------------------------------------------------------------------------------------------

Timing Summary Report

------------------------------------------------------------------------------------------------
| Timer Settings
| --------------
------------------------------------------------------------------------------------------------

  Enable Multi Corner Analysis               :  Yes
  Enable Pessimism Removal                   :  Yes
  Pessimism Removal Resolution               :  Nearest Common Node
  Enable Input Delay Default Clock           :  No
  Enable Preset / Clear Arcs                 :  No
  Disable Flight Delays                      :  No
  Ignore I/O Paths                           :  No
  Timing Early Launch at Borrowing Latches   :  No
  Borrow Time for Max Delay Exceptions       :  Yes
  Merge Timing Exceptions                    :  Yes

  Corner  Analyze    Analyze    
  Name    Max Paths  Min Paths  
  ------  ---------  ---------  
  Slow    Yes        Yes        
  Fast    Yes        Yes        


------------------------------------------------------------------------------------------------
| Report Methodology
| ------------------
------------------------------------------------------------------------------------------------

Rule       Severity  Description                    Violations  
---------  --------  -----------------------------  ----------  
TIMING-18  Warning   Missing input or output delay  5           

Note: This report is based on the most recent report_methodology run and may not be up-to-date. Run report_methodology on the current design for the latest report.



check_timing report

Table of Contents
-----------------
1. checking no_clock (0)
2. checking constant_clock (0)
3. checking pulse_width_clock (0)
4. checking unconstrained_internal_endpoints (0)
5. checking no_input_delay (4)
6. checking no_output_delay (1)
7. checking multiple_clock (0)
8. checking generated_clocks (0)
9. checking loops (0)
10. checking partial_input_delay (0)
11. checking partial_output_delay (0)
12. checking latch_loops (0)

1. checking no_clock (0)
------------------------
 There are 0 register/latch pins with no clock.


2. checking constant_clock (0)
------------------------------
 There are 0 register/latch pins with constant_clock.


3. checking pulse_width_clock (0)
---------------------------------
 There are 0 register/latch pins which need pulse_width check


4. checking unconstrained_internal_endpoints (0)
------------------------------------------------
 There are 0 pins that are not constrained for maximum delay.

 There are 0 pins that are not constrained for maximum delay due to constant clock.


5. checking no_input_delay (4)
------------------------------
 There are 4 input ports with no input delay specified. (HIGH)

 There are 0 input ports with no input delay but user has a false path constraint.


6. checking no_output_delay (1)
-------------------------------
 There is 1 port with no output delay specified. (HIGH)

 There are 0 ports with no output delay but user has a false path constraint

 There are 0 ports with no output delay but with a timing clock defined on it or propagating through it


7. checking multiple_clock (0)
------------------------------
 There are 0 register/latch pins with multiple clocks.


8. checking generated_clocks (0)
--------------------------------
 There are 0 generated clocks that are not connected to a clock source.


9. checking loops (0)
---------------------
 There are 0 combinational loops in the design.


10. checking partial_input_delay (0)
------------------------------------
 There are 0 input ports with partial input delay specified.


11. checking partial_output_delay (0)
-------------------------------------
 There are 0 ports with partial output delay specified.


12. checking latch_loops (0)
----------------------------
 There are 0 combinational latch loops in the design through latch input



------------------------------------------------------------------------------------------------
| Design Timing Summary
| ---------------------
------------------------------------------------------------------------------------------------

    WNS(ns)      TNS(ns)  TNS Failing Endpoints  TNS Total Endpoints      WHS(ns)      THS(ns)  THS Failing Endpoints  THS Total Endpoints     WPWS(ns)     TPWS(ns)  TPWS Failing Endpoints  TPWS Total Endpoints  
    -------      -------  ---------------------  -------------------      -------      -------  ---------------------  -------------------     --------     --------  ----------------------  --------------------  
      4.442        0.000                      0                  655        0.120        0.000                      0                  655        4.500        0.000                       0                   242  


All user specified timing constraints are met.


------------------------------------------------------------------------------------------------
| Clock Summary
| -------------
------------------------------------------------------------------------------------------------

Clock        Waveform(ns)       Period(ns)      Frequency(MHz)
-----        ------------       ----------      --------------
sys_clk_pin  {0.000 5.000}      10.000          100.000         


------------------------------------------------------------------------------------------------
| Intra Clock Table
| -----------------
------------------------------------------------------------------------------------------------

Clock             WNS(ns)      TNS(ns)  TNS Failing Endpoints  TNS Total Endpoints      WHS(ns)      THS(ns)  THS Failing Endpoints  THS Total Endpoints     WPWS(ns)     TPWS(ns)  TPWS Failing Endpoints  TPWS Total Endpoints  
-----             -------      -------  ---------------------  -------------------      -------      -------  ---------------------  -------------------     --------     --------  ----------------------  --------------------  
sys_clk_pin         4.442        0.000                      0                  417        0.120        0.000                      0                  417        4.500        0.000                       0                   242  


------------------------------------------------------------------------------------------------
| Inter Clock Table
| -----------------
------------------------------------------------------------------------------------------------

From Clock    To Clock          WNS(ns)      TNS(ns)  TNS Failing Endpoints  TNS Total Endpoints      WHS(ns)      THS(ns)  THS Failing Endpoints  THS Total Endpoints  
----------    --------          -------      -------  ---------------------  -------------------      -------      -------  ---------------------  -------------------  


------------------------------------------------------------------------------------------------
| Other Path Groups Table
| -----------------------
------------------------------------------------------------------------------------------------

Path Group         From Clock         To Clock               WNS(ns)      TNS(ns)  TNS Failing Endpoints  TNS Total Endpoints      WHS(ns)      THS(ns)  THS Failing Endpoints  THS Total Endpoints  
----------         ----------         --------               -------      -------  ---------------------  -------------------      -------      -------  ---------------------  -------------------  
**async_default**  sys_clk_pin        sys_clk_pin              6.196        0.000                      0                  238        0.409        0.000                      0                  238  


------------------------------------------------------------------------------------------------
| User Ignored Path Table
| -----------------------
------------------------------------------------------------------------------------------------

Path Group    From Clock    To Clock    
----------    ----------    --------    


------------------------------------------------------------------------------------------------
| Unconstrained Path Table
| ------------------------
------------------------------------------------------------------------------------------------

Path Group    From Clock    To Clock    
----------    ----------    --------    
(none)        sys_clk_pin                 
(none)                      sys_clk_pin   


------------------------------------------------------------------------------------------------
| Timing Details
| --------------
------------------------------------------------------------------------------------------------


---------------------------------------------------------------------------------------------------
From Clock:  sys_clk_pin
  To Clock:  sys_clk_pin

Setup :            0  Failing Endpoints,  Worst Slack        4.442ns,  Total Violation        0.000ns
Hold  :            0  Failing Endpoints,  Worst Slack        0.120ns,  Total Violation        0.000ns
PW    :            0  Failing Endpoints,  Worst Slack        4.500ns,  Total Violation        0.000ns
---------------------------------------------------------------------------------------------------


Max Delay Paths
--------------------------------------------------------------------------------------
Slack (MET) :             4.442ns  (required time - arrival time)
  Source:                 fr_fsm/RES_CT_reg[0]/C
                            (rising edge-triggered cell FDCE clocked by sys_clk_pin  {rise@0.000ns fall@5.000ns period=10.000ns})
  Destination:            fr_fsm/TX_DATA_T_reg[2]/D
                            (rising edge-triggered cell FDCE clocked by sys_clk_pin  {rise@0.000ns fall@5.000ns period=10.000ns})
  Path Group:             sys_clk_pin
  Path Type:              Setup (Max at Slow Process Corner)
  Requirement:            10.000ns  (sys_clk_pin rise@10.000ns - sys_clk_pin rise@0.000ns)
  Data Path Delay:        5.582ns  (logic 1.563ns (28.000%)  route 4.019ns (72.000%))
  Logic Levels:           5  (LUT4=1 LUT5=1 LUT6=2 MUXF7=1)
  Clock Path Skew:        -0.022ns (DCD - SCD + CPR)
    Destination Clock Delay (DCD):    4.998ns = ( 14.998 - 10.000 ) 
    Source Clock Delay      (SCD):    5.297ns
    Clock Pessimism Removal (CPR):    0.277ns
  Clock Uncertainty:      0.035ns  ((TSJ^2 + TIJ^2)^1/2 + DJ) / 2 + PE
    Total System Jitter     (TSJ):    0.071ns
    Total Input Jitter      (TIJ):    0.000ns
    Discrete Jitter          (DJ):    0.000ns
    Phase Error              (PE):    0.000ns

    Location             Delay type                Incr(ns)  Path(ns)    Netlist Resource(s)
  -------------------------------------------------------------------    -------------------
                         (clock sys_clk_pin rise edge)
                                                      0.000     0.000 r  
    E3                                                0.000     0.000 r  CLK (IN)
                         net (fo=0)                   0.000     0.000    CLK
    E3                   IBUF (Prop_ibuf_I_O)         1.482     1.482 r  CLK_IBUF_inst/O
                         net (fo=1, routed)           2.025     3.506    CLK_IBUF
    BUFGCTRL_X0Y16       BUFG (Prop_bufg_I_O)         0.096     3.602 r  CLK_IBUF_BUFG_inst/O
                         net (fo=241, routed)         1.695     5.297    fr_fsm/CLK_IBUF_BUFG
    SLICE_X7Y120         FDCE                                         r  fr_fsm/RES_CT_reg[0]/C
  -------------------------------------------------------------------    -------------------
    SLICE_X7Y120         FDCE (Prop_fdce_C_Q)         0.456     5.753 r  fr_fsm/RES_CT_reg[0]/Q
                         net (fo=27, routed)          1.481     7.234    fr_fsm/RES_CT_reg_n_0_[0]
    SLICE_X2Y129         LUT6 (Prop_lut6_I4_O)        0.124     7.358 r  fr_fsm/TX_DATA_T[6]_i_28/O
                         net (fo=1, routed)           0.000     7.358    fr_fsm/TX_DATA_T[6]_i_28_n_0
    SLICE_X2Y129         MUXF7 (Prop_muxf7_I0_O)      0.241     7.599 r  fr_fsm/TX_DATA_T_reg[6]_i_18/O
                         net (fo=1, routed)           1.049     8.648    fr_fsm/TX_DATA_T_reg[6]_i_18_n_0
    SLICE_X2Y122         LUT5 (Prop_lut5_I4_O)        0.298     8.946 r  fr_fsm/TX_DATA_T[6]_i_11/O
                         net (fo=6, routed)           0.916     9.862    fr_fsm/TX_DATA_T[6]_i_11_n_0
    SLICE_X5Y120         LUT4 (Prop_lut4_I3_O)        0.118     9.980 r  fr_fsm/TX_DATA_T[2]_i_3/O
                         net (fo=1, routed)           0.574    10.553    fr_fsm/TX_DATA_T[2]_i_3_n_0
    SLICE_X6Y120         LUT6 (Prop_lut6_I4_O)        0.326    10.879 r  fr_fsm/TX_DATA_T[2]_i_1/O
                         net (fo=1, routed)           0.000    10.879    fr_fsm/TX_DATA_T[2]_i_1_n_0
    SLICE_X6Y120         FDCE                                         r  fr_fsm/TX_DATA_T_reg[2]/D
  -------------------------------------------------------------------    -------------------

                         (clock sys_clk_pin rise edge)
                                                     10.000    10.000 r  
    E3                                                0.000    10.000 r  CLK (IN)
                         net (fo=0)                   0.000    10.000    CLK
    E3                   IBUF (Prop_ibuf_I_O)         1.411    11.411 r  CLK_IBUF_inst/O
                         net (fo=1, routed)           1.920    13.331    CLK_IBUF
    BUFGCTRL_X0Y16       BUFG (Prop_bufg_I_O)         0.091    13.422 r  CLK_IBUF_BUFG_inst/O
                         net (fo=241, routed)         1.576    14.998    fr_fsm/CLK_IBUF_BUFG
    SLICE_X6Y120         FDCE                                         r  fr_fsm/TX_DATA_T_reg[2]/C
                         clock pessimism              0.277    15.275    
                         clock uncertainty           -0.035    15.240    
    SLICE_X6Y120         FDCE (Setup_fdce_C_D)        0.081    15.321    fr_fsm/TX_DATA_T_reg[2]
  -------------------------------------------------------------------
                         required time                         15.321    
                         arrival time                         -10.879    
  -------------------------------------------------------------------
                         slack                                  4.442    

Slack (MET) :             4.695ns  (required time - arrival time)
  Source:                 fr_fsm/RES_CT_reg[0]/C
                            (rising edge-triggered cell FDCE clocked by sys_clk_pin  {rise@0.000ns fall@5.000ns period=10.000ns})
  Destination:            fr_fsm/TX_DATA_T_reg[0]/D
                            (rising edge-triggered cell FDCE clocked by sys_clk_pin  {rise@0.000ns fall@5.000ns period=10.000ns})
  Path Group:             sys_clk_pin
  Path Type:              Setup (Max at Slow Process Corner)
  Requirement:            10.000ns  (sys_clk_pin rise@10.000ns - sys_clk_pin rise@0.000ns)
  Data Path Delay:        5.279ns  (logic 1.566ns (29.665%)  route 3.713ns (70.335%))
  Logic Levels:           5  (LUT4=1 LUT5=1 LUT6=2 MUXF7=1)
  Clock Path Skew:        -0.023ns (DCD - SCD + CPR)
    Destination Clock Delay (DCD):    4.998ns = ( 14.998 - 10.000 ) 
    Source Clock Delay      (SCD):    5.297ns
    Clock Pessimism Removal (CPR):    0.276ns
  Clock Uncertainty:      0.035ns  ((TSJ^2 + TIJ^2)^1/2 + DJ) / 2 + PE
    Total System Jitter     (TSJ):    0.071ns
    Total Input Jitter      (TIJ):    0.000ns
    Discrete Jitter          (DJ):    0.000ns
    Phase Error              (PE):    0.000ns

    Location             Delay type                Incr(ns)  Path(ns)    Netlist Resource(s)
  -------------------------------------------------------------------    -------------------
                         (clock sys_clk_pin rise edge)
                                                      0.000     0.000 r  
    E3                                                0.000     0.000 r  CLK (IN)
                         net (fo=0)                   0.000     0.000    CLK
    E3                   IBUF (Prop_ibuf_I_O)         1.482     1.482 r  CLK_IBUF_inst/O
                         net (fo=1, routed)           2.025     3.506    CLK_IBUF
    BUFGCTRL_X0Y16       BUFG (Prop_bufg_I_O)         0.096     3.602 r  CLK_IBUF_BUFG_inst/O
                         net (fo=241, routed)         1.695     5.297    fr_fsm/CLK_IBUF_BUFG
    SLICE_X7Y120         FDCE                                         r  fr_fsm/RES_CT_reg[0]/C
  -------------------------------------------------------------------    -------------------
    SLICE_X7Y120         FDCE (Prop_fdce_C_Q)         0.456     5.753 r  fr_fsm/RES_CT_reg[0]/Q
                         net (fo=27, routed)          1.481     7.234    fr_fsm/RES_CT_reg_n_0_[0]
    SLICE_X2Y129         LUT6 (Prop_lut6_I4_O)        0.124     7.358 r  fr_fsm/TX_DATA_T[6]_i_28/O
                         net (fo=1, routed)           0.000     7.358    fr_fsm/TX_DATA_T[6]_i_28_n_0
    SLICE_X2Y129         MUXF7 (Prop_muxf7_I0_O)      0.241     7.599 r  fr_fsm/TX_DATA_T_reg[6]_i_18/O
                         net (fo=1, routed)           1.049     8.648    fr_fsm/TX_DATA_T_reg[6]_i_18_n_0
    SLICE_X2Y122         LUT5 (Prop_lut5_I4_O)        0.298     8.946 r  fr_fsm/TX_DATA_T[6]_i_11/O
                         net (fo=6, routed)           0.777     9.723    fr_fsm/TX_DATA_T[6]_i_11_n_0
    SLICE_X5Y120         LUT4 (Prop_lut4_I1_O)        0.120     9.843 r  fr_fsm/TX_DATA_T[0]_i_3/O
                         net (fo=1, routed)           0.407    10.249    fr_fsm/TX_DATA_T[0]_i_3_n_0
    SLICE_X5Y120         LUT6 (Prop_lut6_I4_O)        0.327    10.576 r  fr_fsm/TX_DATA_T[0]_i_1/O
                         net (fo=1, routed)           0.000    10.576    fr_fsm/TX_DATA_T[0]_i_1_n_0
    SLICE_X5Y120         FDCE                                         r  fr_fsm/TX_DATA_T_reg[0]/D
  -------------------------------------------------------------------    -------------------

                         (clock sys_clk_pin rise edge)
                                                     10.000    10.000 r  
    E3                                                0.000    10.000 r  CLK (IN)
                         net (fo=0)                   0.000    10.000    CLK
    E3                   IBUF (Prop_ibuf_I_O)         1.411    11.411 r  CLK_IBUF_inst/O
                         net (fo=1, routed)           1.920    13.331    CLK_IBUF
    BUFGCTRL_X0Y16       BUFG (Prop_bufg_I_O)         0.091    13.422 r  CLK_IBUF_BUFG_inst/O
                         net (fo=241, routed)         1.576    14.998    fr_fsm/CLK_IBUF_BUFG
    SLICE_X5Y120         FDCE                                         r  fr_fsm/TX_DATA_T_reg[0]/C
                         clock pessimism              0.276    15.274    
                         clock uncertainty           -0.035    15.239    
    SLICE_X5Y120         FDCE (Setup_fdce_C_D)        0.032    15.271    fr_fsm/TX_DATA_T_reg[0]
  -------------------------------------------------------------------
                         required time                         15.271    
                         arrival time                         -10.576    
  -------------------------------------------------------------------
                         slack                                  4.695    

Slack (MET) :             4.768ns  (required time - arrival time)
  Source:                 fr_fsm/RES_CT_reg[0]/C
                            (rising edge-triggered cell FDCE clocked by sys_clk_pin  {rise@0.000ns fall@5.000ns period=10.000ns})
  Destination:            fr_fsm/TX_DATA_T_reg[1]/D
                            (rising edge-triggered cell FDCE clocked by sys_clk_pin  {rise@0.000ns fall@5.000ns period=10.000ns})
  Path Group:             sys_clk_pin
  Path Type:              Setup (Max at Slow Process Corner)
  Requirement:            10.000ns  (sys_clk_pin rise@10.000ns - sys_clk_pin rise@0.000ns)
  Data Path Delay:        5.236ns  (logic 1.367ns (26.107%)  route 3.869ns (73.893%))
  Logic Levels:           5  (LUT4=1 LUT5=1 LUT6=2 MUXF7=1)
  Clock Path Skew:        -0.038ns (DCD - SCD + CPR)
    Destination Clock Delay (DCD):    5.000ns = ( 15.000 - 10.000 ) 
    Source Clock Delay      (SCD):    5.297ns
    Clock Pessimism Removal (CPR):    0.259ns
  Clock Uncertainty:      0.035ns  ((TSJ^2 + TIJ^2)^1/2 + DJ) / 2 + PE
    Total System Jitter     (TSJ):    0.071ns
    Total Input Jitter      (TIJ):    0.000ns
    Discrete Jitter          (DJ):    0.000ns
    Phase Error              (PE):    0.000ns

    Location             Delay type                Incr(ns)  Path(ns)    Netlist Resource(s)
  -------------------------------------------------------------------    -------------------
                         (clock sys_clk_pin rise edge)
                                                      0.000     0.000 r  
    E3                                                0.000     0.000 r  CLK (IN)
                         net (fo=0)                   0.000     0.000    CLK
    E3                   IBUF (Prop_ibuf_I_O)         1.482     1.482 r  CLK_IBUF_inst/O
                         net (fo=1, routed)           2.025     3.506    CLK_IBUF
    BUFGCTRL_X0Y16       BUFG (Prop_bufg_I_O)         0.096     3.602 r  CLK_IBUF_BUFG_inst/O
                         net (fo=241, routed)         1.695     5.297    fr_fsm/CLK_IBUF_BUFG
    SLICE_X7Y120         FDCE                                         r  fr_fsm/RES_CT_reg[0]/C
  -------------------------------------------------------------------    -------------------
    SLICE_X7Y120         FDCE (Prop_fdce_C_Q)         0.456     5.753 r  fr_fsm/RES_CT_reg[0]/Q
                         net (fo=27, routed)          1.481     7.234    fr_fsm/RES_CT_reg_n_0_[0]
    SLICE_X2Y129         LUT6 (Prop_lut6_I4_O)        0.124     7.358 r  fr_fsm/TX_DATA_T[6]_i_28/O
                         net (fo=1, routed)           0.000     7.358    fr_fsm/TX_DATA_T[6]_i_28_n_0
    SLICE_X2Y129         MUXF7 (Prop_muxf7_I0_O)      0.241     7.599 r  fr_fsm/TX_DATA_T_reg[6]_i_18/O
                         net (fo=1, routed)           1.049     8.648    fr_fsm/TX_DATA_T_reg[6]_i_18_n_0
    SLICE_X2Y122         LUT5 (Prop_lut5_I4_O)        0.298     8.946 r  fr_fsm/TX_DATA_T[6]_i_11/O
                         net (fo=6, routed)           0.916     9.862    fr_fsm/TX_DATA_T[6]_i_11_n_0
    SLICE_X5Y120         LUT4 (Prop_lut4_I3_O)        0.124     9.986 r  fr_fsm/TX_DATA_T[1]_i_3/O
                         net (fo=1, routed)           0.424    10.409    fr_fsm/TX_DATA_T[1]_i_3_n_0
    SLICE_X2Y120         LUT6 (Prop_lut6_I3_O)        0.124    10.533 r  fr_fsm/TX_DATA_T[1]_i_1/O
                         net (fo=1, routed)           0.000    10.533    fr_fsm/TX_DATA_T[1]_i_1_n_0
    SLICE_X2Y120         FDCE                                         r  fr_fsm/TX_DATA_T_reg[1]/D
  -------------------------------------------------------------------    -------------------

                         (clock sys_clk_pin rise edge)
                                                     10.000    10.000 r  
    E3                                                0.000    10.000 r  CLK (IN)
                         net (fo=0)                   0.000    10.000    CLK
    E3                   IBUF (Prop_ibuf_I_O)         1.411    11.411 r  CLK_IBUF_inst/O
                         net (fo=1, routed)           1.920    13.331    CLK_IBUF
    BUFGCTRL_X0Y16       BUFG (Prop_bufg_I_O)         0.091    13.422 r  CLK_IBUF_BUFG_inst/O
                         net (fo=241, routed)         1.578    15.000    fr_fsm/CLK_IBUF_BUFG
    SLICE_X2Y120         FDCE                                         r  fr_fsm/TX_DATA_T_reg[1]/C
                         clock pessimism              0.259    15.259    
                         clock uncertainty           -0.035    15.224    
    SLICE_X2Y120         FDCE (Setup_fdce_C_D)        0.077    15.301    fr_fsm/TX_DATA_T_reg[1]
  -------------------------------------------------------------------
                         required time                         15.301    
                         arrival time                         -10.533    
  -------------------------------------------------------------------
                         slack                                  4.768    

Slack (MET) :             4.784ns  (required time - arrival time)
  Source:                 fr_fsm/RES_CT_reg[1]/C
                            (rising edge-triggered cell FDCE clocked by sys_clk_pin  {rise@0.000ns fall@5.000ns period=10.000ns})
  Destination:            fr_fsm/TX_DATA_T_reg[3]/D
                            (rising edge-triggered cell FDCE clocked by sys_clk_pin  {rise@0.000ns fall@5.000ns period=10.000ns})
  Path Group:             sys_clk_pin
  Path Type:              Setup (Max at Slow Process Corner)
  Requirement:            10.000ns  (sys_clk_pin rise@10.000ns - sys_clk_pin rise@0.000ns)
  Data Path Delay:        5.187ns  (logic 1.577ns (30.403%)  route 3.610ns (69.597%))
  Logic Levels:           5  (LUT3=1 LUT5=1 LUT6=2 MUXF7=1)
  Clock Path Skew:        -0.023ns (DCD - SCD + CPR)
    Destination Clock Delay (DCD):    4.997ns = ( 14.997 - 10.000 ) 
    Source Clock Delay      (SCD):    5.296ns
    Clock Pessimism Removal (CPR):    0.276ns
  Clock Uncertainty:      0.035ns  ((TSJ^2 + TIJ^2)^1/2 + DJ) / 2 + PE
    Total System Jitter     (TSJ):    0.071ns
    Total Input Jitter      (TIJ):    0.000ns
    Discrete Jitter          (DJ):    0.000ns
    Phase Error              (PE):    0.000ns

    Location             Delay type                Incr(ns)  Path(ns)    Netlist Resource(s)
  -------------------------------------------------------------------    -------------------
                         (clock sys_clk_pin rise edge)
                                                      0.000     0.000 r  
    E3                                                0.000     0.000 r  CLK (IN)
                         net (fo=0)                   0.000     0.000    CLK
    E3                   IBUF (Prop_ibuf_I_O)         1.482     1.482 r  CLK_IBUF_inst/O
                         net (fo=1, routed)           2.025     3.506    CLK_IBUF
    BUFGCTRL_X0Y16       BUFG (Prop_bufg_I_O)         0.096     3.602 r  CLK_IBUF_BUFG_inst/O
                         net (fo=241, routed)         1.694     5.296    fr_fsm/CLK_IBUF_BUFG
    SLICE_X7Y121         FDCE                                         r  fr_fsm/RES_CT_reg[1]/C
  -------------------------------------------------------------------    -------------------
    SLICE_X7Y121         FDCE (Prop_fdce_C_Q)         0.456     5.752 r  fr_fsm/RES_CT_reg[1]/Q
                         net (fo=26, routed)          1.453     7.205    fr_fsm/RES_CT_reg_n_0_[1]
    SLICE_X4Y129         LUT6 (Prop_lut6_I2_O)        0.124     7.329 r  fr_fsm/TX_DATA_T[6]_i_25/O
                         net (fo=1, routed)           0.000     7.329    fr_fsm/TX_DATA_T[6]_i_25_n_0
    SLICE_X4Y129         MUXF7 (Prop_muxf7_I1_O)      0.217     7.546 r  fr_fsm/TX_DATA_T_reg[6]_i_15/O
                         net (fo=1, routed)           0.976     8.522    fr_fsm/TX_DATA_T_reg[6]_i_15_n_0
    SLICE_X6Y121         LUT5 (Prop_lut5_I4_O)        0.299     8.821 r  fr_fsm/TX_DATA_T[6]_i_10/O
                         net (fo=6, routed)           0.745     9.566    fr_fsm/TX_DATA_T[6]_i_10_n_0
    SLICE_X5Y121         LUT3 (Prop_lut3_I0_O)        0.149     9.715 r  fr_fsm/TX_DATA_T[3]_i_2/O
                         net (fo=1, routed)           0.436    10.151    fr_fsm/TX_DATA_T[3]_i_2_n_0
    SLICE_X5Y121         LUT6 (Prop_lut6_I0_O)        0.332    10.483 r  fr_fsm/TX_DATA_T[3]_i_1/O
                         net (fo=1, routed)           0.000    10.483    fr_fsm/TX_DATA_T[3]_i_1_n_0
    SLICE_X5Y121         FDCE                                         r  fr_fsm/TX_DATA_T_reg[3]/D
  -------------------------------------------------------------------    -------------------

                         (clock sys_clk_pin rise edge)
                                                     10.000    10.000 r  
    E3                                                0.000    10.000 r  CLK (IN)
                         net (fo=0)                   0.000    10.000    CLK
    E3                   IBUF (Prop_ibuf_I_O)         1.411    11.411 r  CLK_IBUF_inst/O
                         net (fo=1, routed)           1.920    13.331    CLK_IBUF
    BUFGCTRL_X0Y16       BUFG (Prop_bufg_I_O)         0.091    13.422 r  CLK_IBUF_BUFG_inst/O
                         net (fo=241, routed)         1.575    14.997    fr_fsm/CLK_IBUF_BUFG
    SLICE_X5Y121         FDCE                                         r  fr_fsm/TX_DATA_T_reg[3]/C
                         clock pessimism              0.276    15.273    
                         clock uncertainty           -0.035    15.238    
    SLICE_X5Y121         FDCE (Setup_fdce_C_D)        0.029    15.267    fr_fsm/TX_DATA_T_reg[3]
  -------------------------------------------------------------------
                         required time                         15.267    
                         arrival time                         -10.483    
  -------------------------------------------------------------------
                         slack                                  4.784    

Slack (MET) :             4.982ns  (required time - arrival time)
  Source:                 fr_fsm/RES_CT_reg[0]/C
                            (rising edge-triggered cell FDCE clocked by sys_clk_pin  {rise@0.000ns fall@5.000ns period=10.000ns})
  Destination:            fr_fsm/TX_DATA_T_reg[4]/D
                            (rising edge-triggered cell FDCE clocked by sys_clk_pin  {rise@0.000ns fall@5.000ns period=10.000ns})
  Path Group:             sys_clk_pin
  Path Type:              Setup (Max at Slow Process Corner)
  Requirement:            10.000ns  (sys_clk_pin rise@10.000ns - sys_clk_pin rise@0.000ns)
  Data Path Delay:        4.989ns  (logic 1.367ns (27.398%)  route 3.622ns (72.602%))
  Logic Levels:           5  (LUT3=1 LUT5=1 LUT6=2 MUXF7=1)
  Clock Path Skew:        -0.024ns (DCD - SCD + CPR)
    Destination Clock Delay (DCD):    4.997ns = ( 14.997 - 10.000 ) 
    Source Clock Delay      (SCD):    5.297ns
    Clock Pessimism Removal (CPR):    0.276ns
  Clock Uncertainty:      0.035ns  ((TSJ^2 + TIJ^2)^1/2 + DJ) / 2 + PE
    Total System Jitter     (TSJ):    0.071ns
    Total Input Jitter      (TIJ):    0.000ns
    Discrete Jitter          (DJ):    0.000ns
    Phase Error              (PE):    0.000ns

    Location             Delay type                Incr(ns)  Path(ns)    Netlist Resource(s)
  -------------------------------------------------------------------    -------------------
                         (clock sys_clk_pin rise edge)
                                                      0.000     0.000 r  
    E3                                                0.000     0.000 r  CLK (IN)
                         net (fo=0)                   0.000     0.000    CLK
    E3                   IBUF (Prop_ibuf_I_O)         1.482     1.482 r  CLK_IBUF_inst/O
                         net (fo=1, routed)           2.025     3.506    CLK_IBUF
    BUFGCTRL_X0Y16       BUFG (Prop_bufg_I_O)         0.096     3.602 r  CLK_IBUF_BUFG_inst/O
                         net (fo=241, routed)         1.695     5.297    fr_fsm/CLK_IBUF_BUFG
    SLICE_X7Y120         FDCE                                         r  fr_fsm/RES_CT_reg[0]/C
  -------------------------------------------------------------------    -------------------
    SLICE_X7Y120         FDCE (Prop_fdce_C_Q)         0.456     5.753 r  fr_fsm/RES_CT_reg[0]/Q
                         net (fo=27, routed)          1.481     7.234    fr_fsm/RES_CT_reg_n_0_[0]
    SLICE_X2Y129         LUT6 (Prop_lut6_I4_O)        0.124     7.358 f  fr_fsm/TX_DATA_T[6]_i_28/O
                         net (fo=1, routed)           0.000     7.358    fr_fsm/TX_DATA_T[6]_i_28_n_0
    SLICE_X2Y129         MUXF7 (Prop_muxf7_I0_O)      0.241     7.599 f  fr_fsm/TX_DATA_T_reg[6]_i_18/O
                         net (fo=1, routed)           1.049     8.648    fr_fsm/TX_DATA_T_reg[6]_i_18_n_0
    SLICE_X2Y122         LUT5 (Prop_lut5_I4_O)        0.298     8.946 f  fr_fsm/TX_DATA_T[6]_i_11/O
                         net (fo=6, routed)           0.777     9.723    fr_fsm/TX_DATA_T[6]_i_11_n_0
    SLICE_X5Y120         LUT3 (Prop_lut3_I1_O)        0.124     9.847 f  fr_fsm/TX_DATA_T[6]_i_7/O
                         net (fo=3, routed)           0.316    10.163    fr_fsm/TX_DATA_T[6]_i_7_n_0
    SLICE_X5Y121         LUT6 (Prop_lut6_I2_O)        0.124    10.287 r  fr_fsm/TX_DATA_T[4]_i_1/O
                         net (fo=1, routed)           0.000    10.287    fr_fsm/TX_DATA_T[4]_i_1_n_0
    SLICE_X5Y121         FDCE                                         r  fr_fsm/TX_DATA_T_reg[4]/D
  -------------------------------------------------------------------    -------------------

                         (clock sys_clk_pin rise edge)
                                                     10.000    10.000 r  
    E3                                                0.000    10.000 r  CLK (IN)
                         net (fo=0)                   0.000    10.000    CLK
    E3                   IBUF (Prop_ibuf_I_O)         1.411    11.411 r  CLK_IBUF_inst/O
                         net (fo=1, routed)           1.920    13.331    CLK_IBUF
    BUFGCTRL_X0Y16       BUFG (Prop_bufg_I_O)         0.091    13.422 r  CLK_IBUF_BUFG_inst/O
                         net (fo=241, routed)         1.575    14.997    fr_fsm/CLK_IBUF_BUFG
    SLICE_X5Y121         FDCE                                         r  fr_fsm/TX_DATA_T_reg[4]/C
                         clock pessimism              0.276    15.273    
                         clock uncertainty           -0.035    15.238    
    SLICE_X5Y121         FDCE (Setup_fdce_C_D)        0.031    15.269    fr_fsm/TX_DATA_T_reg[4]
  -------------------------------------------------------------------
                         required time                         15.269    
                         arrival time                         -10.287    
  -------------------------------------------------------------------
                         slack                                  4.982    

Slack (MET) :             4.985ns  (required time - arrival time)
  Source:                 fr_fsm/RES_CT_reg[0]/C
                            (rising edge-triggered cell FDCE clocked by sys_clk_pin  {rise@0.000ns fall@5.000ns period=10.000ns})
  Destination:            fr_fsm/TX_DATA_T_reg[5]/D
                            (rising edge-triggered cell FDCE clocked by sys_clk_pin  {rise@0.000ns fall@5.000ns period=10.000ns})
  Path Group:             sys_clk_pin
  Path Type:              Setup (Max at Slow Process Corner)
  Requirement:            10.000ns  (sys_clk_pin rise@10.000ns - sys_clk_pin rise@0.000ns)
  Data Path Delay:        4.986ns  (logic 1.367ns (27.415%)  route 3.619ns (72.585%))
  Logic Levels:           5  (LUT3=1 LUT5=1 LUT6=2 MUXF7=1)
  Clock Path Skew:        -0.024ns (DCD - SCD + CPR)
    Destination Clock Delay (DCD):    4.997ns = ( 14.997 - 10.000 ) 
    Source Clock Delay      (SCD):    5.297ns
    Clock Pessimism Removal (CPR):    0.276ns
  Clock Uncertainty:      0.035ns  ((TSJ^2 + TIJ^2)^1/2 + DJ) / 2 + PE
    Total System Jitter     (TSJ):    0.071ns
    Total Input Jitter      (TIJ):    0.000ns
    Discrete Jitter          (DJ):    0.000ns
    Phase Error              (PE):    0.000ns

    Location             Delay type                Incr(ns)  Path(ns)    Netlist Resource(s)
  -------------------------------------------------------------------    -------------------
                         (clock sys_clk_pin rise edge)
                                                      0.000     0.000 r  
    E3                                                0.000     0.000 r  CLK (IN)
                         net (fo=0)                   0.000     0.000    CLK
    E3                   IBUF (Prop_ibuf_I_O)         1.482     1.482 r  CLK_IBUF_inst/O
                         net (fo=1, routed)           2.025     3.506    CLK_IBUF
    BUFGCTRL_X0Y16       BUFG (Prop_bufg_I_O)         0.096     3.602 r  CLK_IBUF_BUFG_inst/O
                         net (fo=241, routed)         1.695     5.297    fr_fsm/CLK_IBUF_BUFG
    SLICE_X7Y120         FDCE                                         r  fr_fsm/RES_CT_reg[0]/C
  -------------------------------------------------------------------    -------------------
    SLICE_X7Y120         FDCE (Prop_fdce_C_Q)         0.456     5.753 r  fr_fsm/RES_CT_reg[0]/Q
                         net (fo=27, routed)          1.481     7.234    fr_fsm/RES_CT_reg_n_0_[0]
    SLICE_X2Y129         LUT6 (Prop_lut6_I4_O)        0.124     7.358 f  fr_fsm/TX_DATA_T[6]_i_28/O
                         net (fo=1, routed)           0.000     7.358    fr_fsm/TX_DATA_T[6]_i_28_n_0
    SLICE_X2Y129         MUXF7 (Prop_muxf7_I0_O)      0.241     7.599 f  fr_fsm/TX_DATA_T_reg[6]_i_18/O
                         net (fo=1, routed)           1.049     8.648    fr_fsm/TX_DATA_T_reg[6]_i_18_n_0
    SLICE_X2Y122         LUT5 (Prop_lut5_I4_O)        0.298     8.946 f  fr_fsm/TX_DATA_T[6]_i_11/O
                         net (fo=6, routed)           0.777     9.723    fr_fsm/TX_DATA_T[6]_i_11_n_0
    SLICE_X5Y120         LUT3 (Prop_lut3_I1_O)        0.124     9.847 f  fr_fsm/TX_DATA_T[6]_i_7/O
                         net (fo=3, routed)           0.313    10.160    fr_fsm/TX_DATA_T[6]_i_7_n_0
    SLICE_X5Y121         LUT6 (Prop_lut6_I4_O)        0.124    10.284 r  fr_fsm/TX_DATA_T[5]_i_1/O
                         net (fo=1, routed)           0.000    10.284    fr_fsm/TX_DATA_T[5]_i_1_n_0
    SLICE_X5Y121         FDCE                                         r  fr_fsm/TX_DATA_T_reg[5]/D
  -------------------------------------------------------------------    -------------------

                         (clock sys_clk_pin rise edge)
                                                     10.000    10.000 r  
    E3                                                0.000    10.000 r  CLK (IN)
                         net (fo=0)                   0.000    10.000    CLK
    E3                   IBUF (Prop_ibuf_I_O)         1.411    11.411 r  CLK_IBUF_inst/O
                         net (fo=1, routed)           1.920    13.331    CLK_IBUF
    BUFGCTRL_X0Y16       BUFG (Prop_bufg_I_O)         0.091    13.422 r  CLK_IBUF_BUFG_inst/O
                         net (fo=241, routed)         1.575    14.997    fr_fsm/CLK_IBUF_BUFG
    SLICE_X5Y121         FDCE                                         r  fr_fsm/TX_DATA_T_reg[5]/C
                         clock pessimism              0.276    15.273    
                         clock uncertainty           -0.035    15.238    
    SLICE_X5Y121         FDCE (Setup_fdce_C_D)        0.031    15.269    fr_fsm/TX_DATA_T_reg[5]
  -------------------------------------------------------------------
                         required time                         15.269    
                         arrival time                         -10.284    
  -------------------------------------------------------------------
                         slack                                  4.985    

Slack (MET) :             5.123ns  (required time - arrival time)
  Source:                 fr_fsm/RES_CT_reg[0]/C
                            (rising edge-triggered cell FDCE clocked by sys_clk_pin  {rise@0.000ns fall@5.000ns period=10.000ns})
  Destination:            fr_fsm/TX_DATA_T_reg[6]/D
                            (rising edge-triggered cell FDCE clocked by sys_clk_pin  {rise@0.000ns fall@5.000ns period=10.000ns})
  Path Group:             sys_clk_pin
  Path Type:              Setup (Max at Slow Process Corner)
  Requirement:            10.000ns  (sys_clk_pin rise@10.000ns - sys_clk_pin rise@0.000ns)
  Data Path Delay:        4.849ns  (logic 1.367ns (28.189%)  route 3.482ns (71.811%))
  Logic Levels:           5  (LUT3=1 LUT5=1 LUT6=2 MUXF7=1)
  Clock Path Skew:        -0.023ns (DCD - SCD + CPR)
    Destination Clock Delay (DCD):    4.998ns = ( 14.998 - 10.000 ) 
    Source Clock Delay      (SCD):    5.297ns
    Clock Pessimism Removal (CPR):    0.276ns
  Clock Uncertainty:      0.035ns  ((TSJ^2 + TIJ^2)^1/2 + DJ) / 2 + PE
    Total System Jitter     (TSJ):    0.071ns
    Total Input Jitter      (TIJ):    0.000ns
    Discrete Jitter          (DJ):    0.000ns
    Phase Error              (PE):    0.000ns

    Location             Delay type                Incr(ns)  Path(ns)    Netlist Resource(s)
  -------------------------------------------------------------------    -------------------
                         (clock sys_clk_pin rise edge)
                                                      0.000     0.000 r  
    E3                                                0.000     0.000 r  CLK (IN)
                         net (fo=0)                   0.000     0.000    CLK
    E3                   IBUF (Prop_ibuf_I_O)         1.482     1.482 r  CLK_IBUF_inst/O
                         net (fo=1, routed)           2.025     3.506    CLK_IBUF
    BUFGCTRL_X0Y16       BUFG (Prop_bufg_I_O)         0.096     3.602 r  CLK_IBUF_BUFG_inst/O
                         net (fo=241, routed)         1.695     5.297    fr_fsm/CLK_IBUF_BUFG
    SLICE_X7Y120         FDCE                                         r  fr_fsm/RES_CT_reg[0]/C
  -------------------------------------------------------------------    -------------------
    SLICE_X7Y120         FDCE (Prop_fdce_C_Q)         0.456     5.753 r  fr_fsm/RES_CT_reg[0]/Q
                         net (fo=27, routed)          1.481     7.234    fr_fsm/RES_CT_reg_n_0_[0]
    SLICE_X2Y129         LUT6 (Prop_lut6_I4_O)        0.124     7.358 r  fr_fsm/TX_DATA_T[6]_i_28/O
                         net (fo=1, routed)           0.000     7.358    fr_fsm/TX_DATA_T[6]_i_28_n_0
    SLICE_X2Y129         MUXF7 (Prop_muxf7_I0_O)      0.241     7.599 r  fr_fsm/TX_DATA_T_reg[6]_i_18/O
                         net (fo=1, routed)           1.049     8.648    fr_fsm/TX_DATA_T_reg[6]_i_18_n_0
    SLICE_X2Y122         LUT5 (Prop_lut5_I4_O)        0.298     8.946 r  fr_fsm/TX_DATA_T[6]_i_11/O
                         net (fo=6, routed)           0.777     9.723    fr_fsm/TX_DATA_T[6]_i_11_n_0
    SLICE_X5Y120         LUT3 (Prop_lut3_I1_O)        0.124     9.847 r  fr_fsm/TX_DATA_T[6]_i_7/O
                         net (fo=3, routed)           0.176    10.023    fr_fsm/TX_DATA_T[6]_i_7_n_0
    SLICE_X5Y120         LUT6 (Prop_lut6_I5_O)        0.124    10.147 r  fr_fsm/TX_DATA_T[6]_i_2/O
                         net (fo=1, routed)           0.000    10.147    fr_fsm/TX_DATA_T[6]_i_2_n_0
    SLICE_X5Y120         FDCE                                         r  fr_fsm/TX_DATA_T_reg[6]/D
  -------------------------------------------------------------------    -------------------

                         (clock sys_clk_pin rise edge)
                                                     10.000    10.000 r  
    E3                                                0.000    10.000 r  CLK (IN)
                         net (fo=0)                   0.000    10.000    CLK
    E3                   IBUF (Prop_ibuf_I_O)         1.411    11.411 r  CLK_IBUF_inst/O
                         net (fo=1, routed)           1.920    13.331    CLK_IBUF
    BUFGCTRL_X0Y16       BUFG (Prop_bufg_I_O)         0.091    13.422 r  CLK_IBUF_BUFG_inst/O
                         net (fo=241, routed)         1.576    14.998    fr_fsm/CLK_IBUF_BUFG
    SLICE_X5Y120         FDCE                                         r  fr_fsm/TX_DATA_T_reg[6]/C
                         clock pessimism              0.276    15.274    
                         clock uncertainty           -0.035    15.239    
    SLICE_X5Y120         FDCE (Setup_fdce_C_D)        0.031    15.270    fr_fsm/TX_DATA_T_reg[6]
  -------------------------------------------------------------------
                         required time                         15.270    
                         arrival time                         -10.147    
  -------------------------------------------------------------------
                         slack                                  5.123    

Slack (MET) :             5.259ns  (required time - arrival time)
  Source:                 uart/RX_DATA_T_reg[6]/C
                            (rising edge-triggered cell FDCE clocked by sys_clk_pin  {rise@0.000ns fall@5.000ns period=10.000ns})
  Destination:            fr_fsm/RES_REG_reg[64]/CE
                            (rising edge-triggered cell FDPE clocked by sys_clk_pin  {rise@0.000ns fall@5.000ns period=10.000ns})
  Path Group:             sys_clk_pin
  Path Type:              Setup (Max at Slow Process Corner)
  Requirement:            10.000ns  (sys_clk_pin rise@10.000ns - sys_clk_pin rise@0.000ns)
  Data Path Delay:        4.460ns  (logic 1.022ns (22.913%)  route 3.438ns (77.087%))
  Logic Levels:           3  (LUT4=1 LUT5=1 LUT6=1)
  Clock Path Skew:        -0.040ns (DCD - SCD + CPR)
    Destination Clock Delay (DCD):    5.004ns = ( 15.004 - 10.000 ) 
    Source Clock Delay      (SCD):    5.303ns
    Clock Pessimism Removal (CPR):    0.259ns
  Clock Uncertainty:      0.035ns  ((TSJ^2 + TIJ^2)^1/2 + DJ) / 2 + PE
    Total System Jitter     (TSJ):    0.071ns
    Total Input Jitter      (TIJ):    0.000ns
    Discrete Jitter          (DJ):    0.000ns
    Phase Error              (PE):    0.000ns

    Location             Delay type                Incr(ns)  Path(ns)    Netlist Resource(s)
  -------------------------------------------------------------------    -------------------
                         (clock sys_clk_pin rise edge)
                                                      0.000     0.000 r  
    E3                                                0.000     0.000 r  CLK (IN)
                         net (fo=0)                   0.000     0.000    CLK
    E3                   IBUF (Prop_ibuf_I_O)         1.482     1.482 r  CLK_IBUF_inst/O
                         net (fo=1, routed)           2.025     3.506    CLK_IBUF
    BUFGCTRL_X0Y16       BUFG (Prop_bufg_I_O)         0.096     3.602 r  CLK_IBUF_BUFG_inst/O
                         net (fo=241, routed)         1.701     5.303    uart/CLK_IBUF_BUFG
    SLICE_X2Y116         FDCE                                         r  uart/RX_DATA_T_reg[6]/C
  -------------------------------------------------------------------    -------------------
    SLICE_X2Y116         FDCE (Prop_fdce_C_Q)         0.478     5.781 f  uart/RX_DATA_T_reg[6]/Q
                         net (fo=8, routed)           0.723     6.505    uart/RX_DATA[6]
    SLICE_X2Y116         LUT4 (Prop_lut4_I3_O)        0.296     6.801 r  uart/FSM_sequential_STATE[2]_i_4/O
                         net (fo=3, routed)           0.596     7.397    uart/FSM_sequential_STATE[2]_i_4_n_0
    SLICE_X5Y116         LUT5 (Prop_lut5_I0_O)        0.124     7.521 r  uart/RES_REG[0]_i_3/O
                         net (fo=1, routed)           0.289     7.811    fr_fsm/RES_REG_reg[0]_0
    SLICE_X5Y117         LUT6 (Prop_lut6_I0_O)        0.124     7.935 r  fr_fsm/RES_REG[0]_i_1/O
                         net (fo=69, routed)          1.829     9.764    fr_fsm/RES_REG
    SLICE_X3Y133         FDPE                                         r  fr_fsm/RES_REG_reg[64]/CE
  -------------------------------------------------------------------    -------------------

                         (clock sys_clk_pin rise edge)
                                                     10.000    10.000 r  
    E3                                                0.000    10.000 r  CLK (IN)
                         net (fo=0)                   0.000    10.000    CLK
    E3                   IBUF (Prop_ibuf_I_O)         1.411    11.411 r  CLK_IBUF_inst/O
                         net (fo=1, routed)           1.920    13.331    CLK_IBUF
    BUFGCTRL_X0Y16       BUFG (Prop_bufg_I_O)         0.091    13.422 r  CLK_IBUF_BUFG_inst/O
                         net (fo=241, routed)         1.582    15.004    fr_fsm/CLK_IBUF_BUFG
    SLICE_X3Y133         FDPE                                         r  fr_fsm/RES_REG_reg[64]/C
                         clock pessimism              0.259    15.263    
                         clock uncertainty           -0.035    15.228    
    SLICE_X3Y133         FDPE (Setup_fdpe_C_CE)      -0.205    15.023    fr_fsm/RES_REG_reg[64]
  -------------------------------------------------------------------
                         required time                         15.023    
                         arrival time                          -9.764    
  -------------------------------------------------------------------
                         slack                                  5.259    

Slack (MET) :             5.259ns  (required time - arrival time)
  Source:                 uart/RX_DATA_T_reg[6]/C
                            (rising edge-triggered cell FDCE clocked by sys_clk_pin  {rise@0.000ns fall@5.000ns period=10.000ns})
  Destination:            fr_fsm/RES_REG_reg[65]/CE
                            (rising edge-triggered cell FDPE clocked by sys_clk_pin  {rise@0.000ns fall@5.000ns period=10.000ns})
  Path Group:             sys_clk_pin
  Path Type:              Setup (Max at Slow Process Corner)
  Requirement:            10.000ns  (sys_clk_pin rise@10.000ns - sys_clk_pin rise@0.000ns)
  Data Path Delay:        4.460ns  (logic 1.022ns (22.913%)  route 3.438ns (77.087%))
  Logic Levels:           3  (LUT4=1 LUT5=1 LUT6=1)
  Clock Path Skew:        -0.040ns (DCD - SCD + CPR)
    Destination Clock Delay (DCD):    5.004ns = ( 15.004 - 10.000 ) 
    Source Clock Delay      (SCD):    5.303ns
    Clock Pessimism Removal (CPR):    0.259ns
  Clock Uncertainty:      0.035ns  ((TSJ^2 + TIJ^2)^1/2 + DJ) / 2 + PE
    Total System Jitter     (TSJ):    0.071ns
    Total Input Jitter      (TIJ):    0.000ns
    Discrete Jitter          (DJ):    0.000ns
    Phase Error              (PE):    0.000ns

    Location             Delay type                Incr(ns)  Path(ns)    Netlist Resource(s)
  -------------------------------------------------------------------    -------------------
                         (clock sys_clk_pin rise edge)
                                                      0.000     0.000 r  
    E3                                                0.000     0.000 r  CLK (IN)
                         net (fo=0)                   0.000     0.000    CLK
    E3                   IBUF (Prop_ibuf_I_O)         1.482     1.482 r  CLK_IBUF_inst/O
                         net (fo=1, routed)           2.025     3.506    CLK_IBUF
    BUFGCTRL_X0Y16       BUFG (Prop_bufg_I_O)         0.096     3.602 r  CLK_IBUF_BUFG_inst/O
                         net (fo=241, routed)         1.701     5.303    uart/CLK_IBUF_BUFG
    SLICE_X2Y116         FDCE                                         r  uart/RX_DATA_T_reg[6]/C
  -------------------------------------------------------------------    -------------------
    SLICE_X2Y116         FDCE (Prop_fdce_C_Q)         0.478     5.781 f  uart/RX_DATA_T_reg[6]/Q
                         net (fo=8, routed)           0.723     6.505    uart/RX_DATA[6]
    SLICE_X2Y116         LUT4 (Prop_lut4_I3_O)        0.296     6.801 r  uart/FSM_sequential_STATE[2]_i_4/O
                         net (fo=3, routed)           0.596     7.397    uart/FSM_sequential_STATE[2]_i_4_n_0
    SLICE_X5Y116         LUT5 (Prop_lut5_I0_O)        0.124     7.521 r  uart/RES_REG[0]_i_3/O
                         net (fo=1, routed)           0.289     7.811    fr_fsm/RES_REG_reg[0]_0
    SLICE_X5Y117         LUT6 (Prop_lut6_I0_O)        0.124     7.935 r  fr_fsm/RES_REG[0]_i_1/O
                         net (fo=69, routed)          1.829     9.764    fr_fsm/RES_REG
    SLICE_X3Y133         FDPE                                         r  fr_fsm/RES_REG_reg[65]/CE
  -------------------------------------------------------------------    -------------------

                         (clock sys_clk_pin rise edge)
                                                     10.000    10.000 r  
    E3                                                0.000    10.000 r  CLK (IN)
                         net (fo=0)                   0.000    10.000    CLK
    E3                   IBUF (Prop_ibuf_I_O)         1.411    11.411 r  CLK_IBUF_inst/O
                         net (fo=1, routed)           1.920    13.331    CLK_IBUF
    BUFGCTRL_X0Y16       BUFG (Prop_bufg_I_O)         0.091    13.422 r  CLK_IBUF_BUFG_inst/O
                         net (fo=241, routed)         1.582    15.004    fr_fsm/CLK_IBUF_BUFG
    SLICE_X3Y133         FDPE                                         r  fr_fsm/RES_REG_reg[65]/C
                         clock pessimism              0.259    15.263    
                         clock uncertainty           -0.035    15.228    
    SLICE_X3Y133         FDPE (Setup_fdpe_C_CE)      -0.205    15.023    fr_fsm/RES_REG_reg[65]
  -------------------------------------------------------------------
                         required time                         15.023    
                         arrival time                          -9.764    
  -------------------------------------------------------------------
                         slack                                  5.259    

Slack (MET) :             5.259ns  (required time - arrival time)
  Source:                 uart/RX_DATA_T_reg[6]/C
                            (rising edge-triggered cell FDCE clocked by sys_clk_pin  {rise@0.000ns fall@5.000ns period=10.000ns})
  Destination:            fr_fsm/RES_REG_reg[66]/CE
                            (rising edge-triggered cell FDPE clocked by sys_clk_pin  {rise@0.000ns fall@5.000ns period=10.000ns})
  Path Group:             sys_clk_pin
  Path Type:              Setup (Max at Slow Process Corner)
  Requirement:            10.000ns  (sys_clk_pin rise@10.000ns - sys_clk_pin rise@0.000ns)
  Data Path Delay:        4.460ns  (logic 1.022ns (22.913%)  route 3.438ns (77.087%))
  Logic Levels:           3  (LUT4=1 LUT5=1 LUT6=1)
  Clock Path Skew:        -0.040ns (DCD - SCD + CPR)
    Destination Clock Delay (DCD):    5.004ns = ( 15.004 - 10.000 ) 
    Source Clock Delay      (SCD):    5.303ns
    Clock Pessimism Removal (CPR):    0.259ns
  Clock Uncertainty:      0.035ns  ((TSJ^2 + TIJ^2)^1/2 + DJ) / 2 + PE
    Total System Jitter     (TSJ):    0.071ns
    Total Input Jitter      (TIJ):    0.000ns
    Discrete Jitter          (DJ):    0.000ns
    Phase Error              (PE):    0.000ns

    Location             Delay type                Incr(ns)  Path(ns)    Netlist Resource(s)
  -------------------------------------------------------------------    -------------------
                         (clock sys_clk_pin rise edge)
                                                      0.000     0.000 r  
    E3                                                0.000     0.000 r  CLK (IN)
                         net (fo=0)                   0.000     0.000    CLK
    E3                   IBUF (Prop_ibuf_I_O)         1.482     1.482 r  CLK_IBUF_inst/O
                         net (fo=1, routed)           2.025     3.506    CLK_IBUF
    BUFGCTRL_X0Y16       BUFG (Prop_bufg_I_O)         0.096     3.602 r  CLK_IBUF_BUFG_inst/O
                         net (fo=241, routed)         1.701     5.303    uart/CLK_IBUF_BUFG
    SLICE_X2Y116         FDCE                                         r  uart/RX_DATA_T_reg[6]/C
  -------------------------------------------------------------------    -------------------
    SLICE_X2Y116         FDCE (Prop_fdce_C_Q)         0.478     5.781 f  uart/RX_DATA_T_reg[6]/Q
                         net (fo=8, routed)           0.723     6.505    uart/RX_DATA[6]
    SLICE_X2Y116         LUT4 (Prop_lut4_I3_O)        0.296     6.801 r  uart/FSM_sequential_STATE[2]_i_4/O
                         net (fo=3, routed)           0.596     7.397    uart/FSM_sequential_STATE[2]_i_4_n_0
    SLICE_X5Y116         LUT5 (Prop_lut5_I0_O)        0.124     7.521 r  uart/RES_REG[0]_i_3/O
                         net (fo=1, routed)           0.289     7.811    fr_fsm/RES_REG_reg[0]_0
    SLICE_X5Y117         LUT6 (Prop_lut6_I0_O)        0.124     7.935 r  fr_fsm/RES_REG[0]_i_1/O
                         net (fo=69, routed)          1.829     9.764    fr_fsm/RES_REG
    SLICE_X3Y133         FDPE                                         r  fr_fsm/RES_REG_reg[66]/CE
  -------------------------------------------------------------------    -------------------

                         (clock sys_clk_pin rise edge)
                                                     10.000    10.000 r  
    E3                                                0.000    10.000 r  CLK (IN)
                         net (fo=0)                   0.000    10.000    CLK
    E3                   IBUF (Prop_ibuf_I_O)         1.411    11.411 r  CLK_IBUF_inst/O
                         net (fo=1, routed)           1.920    13.331    CLK_IBUF
    BUFGCTRL_X0Y16       BUFG (Prop_bufg_I_O)         0.091    13.422 r  CLK_IBUF_BUFG_inst/O
                         net (fo=241, routed)         1.582    15.004    fr_fsm/CLK_IBUF_BUFG
    SLICE_X3Y133         FDPE                                         r  fr_fsm/RES_REG_reg[66]/C
                         clock pessimism              0.259    15.263    
                         clock uncertainty           -0.035    15.228    
    SLICE_X3Y133         FDPE (Setup_fdpe_C_CE)      -0.205    15.023    fr_fsm/RES_REG_reg[66]
  -------------------------------------------------------------------
                         required time                         15.023    
                         arrival time                          -9.764    
  -------------------------------------------------------------------
                         slack                                  5.259    





Min Delay Paths
--------------------------------------------------------------------------------------
Slack (MET) :             0.120ns  (arrival time - required time)
  Source:                 filt_btn0/FLTR_CNT_reg[3]/C
                            (rising edge-triggered cell FDCE clocked by sys_clk_pin  {rise@0.000ns fall@5.000ns period=10.000ns})
  Destination:            filt_btn0/BTN_S2_reg/D
                            (rising edge-triggered cell FDCE clocked by sys_clk_pin  {rise@0.000ns fall@5.000ns period=10.000ns})
  Path Group:             sys_clk_pin
  Path Type:              Hold (Min at Fast Process Corner)
  Requirement:            0.000ns  (sys_clk_pin rise@0.000ns - sys_clk_pin rise@0.000ns)
  Data Path Delay:        0.253ns  (logic 0.186ns (73.457%)  route 0.067ns (26.543%))
  Logic Levels:           1  (LUT5=1)
  Clock Path Skew:        0.013ns (DCD - SCD - CPR)
    Destination Clock Delay (DCD):    2.001ns
    Source Clock Delay      (SCD):    1.485ns
    Clock Pessimism Removal (CPR):    0.502ns

    Location             Delay type                Incr(ns)  Path(ns)    Netlist Resource(s)
  -------------------------------------------------------------------    -------------------
                         (clock sys_clk_pin rise edge)
                                                      0.000     0.000 r  
    E3                                                0.000     0.000 r  CLK (IN)
                         net (fo=0)                   0.000     0.000    CLK
    E3                   IBUF (Prop_ibuf_I_O)         0.250     0.250 r  CLK_IBUF_inst/O
                         net (fo=1, routed)           0.644     0.894    CLK_IBUF
    BUFGCTRL_X0Y16       BUFG (Prop_bufg_I_O)         0.026     0.920 r  CLK_IBUF_BUFG_inst/O
                         net (fo=241, routed)         0.566     1.485    filt_btn0/CLK_IBUF_BUFG
    SLICE_X9Y112         FDCE                                         r  filt_btn0/FLTR_CNT_reg[3]/C
  -------------------------------------------------------------------    -------------------
    SLICE_X9Y112         FDCE (Prop_fdce_C_Q)         0.141     1.626 r  filt_btn0/FLTR_CNT_reg[3]/Q
                         net (fo=2, routed)           0.067     1.694    filt_btn0/FLTR_CNT_reg[3]
    SLICE_X8Y112         LUT5 (Prop_lut5_I3_O)        0.045     1.739 r  filt_btn0/BTN_S2_i_1/O
                         net (fo=1, routed)           0.000     1.739    filt_btn0/BTN_S2_i_1_n_0
    SLICE_X8Y112         FDCE                                         r  filt_btn0/BTN_S2_reg/D
  -------------------------------------------------------------------    -------------------

                         (clock sys_clk_pin rise edge)
                                                      0.000     0.000 r  
    E3                                                0.000     0.000 r  CLK (IN)
                         net (fo=0)                   0.000     0.000    CLK
    E3                   IBUF (Prop_ibuf_I_O)         0.438     0.438 r  CLK_IBUF_inst/O
                         net (fo=1, routed)           0.699     1.136    CLK_IBUF
    BUFGCTRL_X0Y16       BUFG (Prop_bufg_I_O)         0.029     1.165 r  CLK_IBUF_BUFG_inst/O
                         net (fo=241, routed)         0.836     2.001    filt_btn0/CLK_IBUF_BUFG
    SLICE_X8Y112         FDCE                                         r  filt_btn0/BTN_S2_reg/C
                         clock pessimism             -0.502     1.498    
    SLICE_X8Y112         FDCE (Hold_fdce_C_D)         0.120     1.618    filt_btn0/BTN_S2_reg
  -------------------------------------------------------------------
                         required time                         -1.618    
                         arrival time                           1.739    
  -------------------------------------------------------------------
                         slack                                  0.120    

Slack (MET) :             0.167ns  (arrival time - required time)
  Source:                 filt_btn1/FLTR_CNT_reg[3]/C
                            (rising edge-triggered cell FDCE clocked by sys_clk_pin  {rise@0.000ns fall@5.000ns period=10.000ns})
  Destination:            filt_btn1/BTN_S2_reg/D
                            (rising edge-triggered cell FDCE clocked by sys_clk_pin  {rise@0.000ns fall@5.000ns period=10.000ns})
  Path Group:             sys_clk_pin
  Path Type:              Hold (Min at Fast Process Corner)
  Requirement:            0.000ns  (sys_clk_pin rise@0.000ns - sys_clk_pin rise@0.000ns)
  Data Path Delay:        0.271ns  (logic 0.209ns (77.063%)  route 0.062ns (22.937%))
  Logic Levels:           1  (LUT5=1)
  Clock Path Skew:        0.013ns (DCD - SCD - CPR)
    Destination Clock Delay (DCD):    2.000ns
    Source Clock Delay      (SCD):    1.484ns
    Clock Pessimism Removal (CPR):    0.502ns

    Location             Delay type                Incr(ns)  Path(ns)    Netlist Resource(s)
  -------------------------------------------------------------------    -------------------
                         (clock sys_clk_pin rise edge)
                                                      0.000     0.000 r  
    E3                                                0.000     0.000 r  CLK (IN)
                         net (fo=0)                   0.000     0.000    CLK
    E3                   IBUF (Prop_ibuf_I_O)         0.250     0.250 r  CLK_IBUF_inst/O
                         net (fo=1, routed)           0.644     0.894    CLK_IBUF
    BUFGCTRL_X0Y16       BUFG (Prop_bufg_I_O)         0.026     0.920 r  CLK_IBUF_BUFG_inst/O
                         net (fo=241, routed)         0.565     1.484    filt_btn1/CLK_IBUF_BUFG
    SLICE_X8Y113         FDCE                                         r  filt_btn1/FLTR_CNT_reg[3]/C
  -------------------------------------------------------------------    -------------------
    SLICE_X8Y113         FDCE (Prop_fdce_C_Q)         0.164     1.648 r  filt_btn1/FLTR_CNT_reg[3]/Q
                         net (fo=2, routed)           0.062     1.711    filt_btn1/FLTR_CNT_reg[3]
    SLICE_X9Y113         LUT5 (Prop_lut5_I3_O)        0.045     1.756 r  filt_btn1/BTN_S2_i_1__0/O
                         net (fo=1, routed)           0.000     1.756    filt_btn1/BTN_S2_i_1__0_n_0
    SLICE_X9Y113         FDCE                                         r  filt_btn1/BTN_S2_reg/D
  -------------------------------------------------------------------    -------------------

                         (clock sys_clk_pin rise edge)
                                                      0.000     0.000 r  
    E3                                                0.000     0.000 r  CLK (IN)
                         net (fo=0)                   0.000     0.000    CLK
    E3                   IBUF (Prop_ibuf_I_O)         0.438     0.438 r  CLK_IBUF_inst/O
                         net (fo=1, routed)           0.699     1.136    CLK_IBUF
    BUFGCTRL_X0Y16       BUFG (Prop_bufg_I_O)         0.029     1.165 r  CLK_IBUF_BUFG_inst/O
                         net (fo=241, routed)         0.835     2.000    filt_btn1/CLK_IBUF_BUFG
    SLICE_X9Y113         FDCE                                         r  filt_btn1/BTN_S2_reg/C
                         clock pessimism             -0.502     1.497    
    SLICE_X9Y113         FDCE (Hold_fdce_C_D)         0.091     1.588    filt_btn1/BTN_S2_reg
  -------------------------------------------------------------------
                         required time                         -1.588    
                         arrival time                           1.756    
  -------------------------------------------------------------------
                         slack                                  0.167    

Slack (MET) :             0.189ns  (arrival time - required time)
  Source:                 filt_btn1/BTN_S2_reg/C
                            (rising edge-triggered cell FDCE clocked by sys_clk_pin  {rise@0.000ns fall@5.000ns period=10.000ns})
  Destination:            filt_btn1/FLTR_CNT_reg[0]/D
                            (rising edge-triggered cell FDCE clocked by sys_clk_pin  {rise@0.000ns fall@5.000ns period=10.000ns})
  Path Group:             sys_clk_pin
  Path Type:              Hold (Min at Fast Process Corner)
  Requirement:            0.000ns  (sys_clk_pin rise@0.000ns - sys_clk_pin rise@0.000ns)
  Data Path Delay:        0.335ns  (logic 0.189ns (56.472%)  route 0.146ns (43.528%))
  Logic Levels:           1  (LUT3=1)
  Clock Path Skew:        0.013ns (DCD - SCD - CPR)
    Destination Clock Delay (DCD):    2.000ns
    Source Clock Delay      (SCD):    1.484ns
    Clock Pessimism Removal (CPR):    0.502ns

    Location             Delay type                Incr(ns)  Path(ns)    Netlist Resource(s)
  -------------------------------------------------------------------    -------------------
                         (clock sys_clk_pin rise edge)
                                                      0.000     0.000 r  
    E3                                                0.000     0.000 r  CLK (IN)
                         net (fo=0)                   0.000     0.000    CLK
    E3                   IBUF (Prop_ibuf_I_O)         0.250     0.250 r  CLK_IBUF_inst/O
                         net (fo=1, routed)           0.644     0.894    CLK_IBUF
    BUFGCTRL_X0Y16       BUFG (Prop_bufg_I_O)         0.026     0.920 r  CLK_IBUF_BUFG_inst/O
                         net (fo=241, routed)         0.565     1.484    filt_btn1/CLK_IBUF_BUFG
    SLICE_X9Y113         FDCE                                         r  filt_btn1/BTN_S2_reg/C
  -------------------------------------------------------------------    -------------------
    SLICE_X9Y113         FDCE (Prop_fdce_C_Q)         0.141     1.625 r  filt_btn1/BTN_S2_reg/Q
                         net (fo=19, routed)          0.146     1.771    filt_btn1/GEN_PAR_ERR
    SLICE_X8Y113         LUT3 (Prop_lut3_I1_O)        0.048     1.819 r  filt_btn1/FLTR_CNT[0]_i_1__0/O
                         net (fo=1, routed)           0.000     1.819    filt_btn1/p_0_in__0[0]
    SLICE_X8Y113         FDCE                                         r  filt_btn1/FLTR_CNT_reg[0]/D
  -------------------------------------------------------------------    -------------------

                         (clock sys_clk_pin rise edge)
                                                      0.000     0.000 r  
    E3                                                0.000     0.000 r  CLK (IN)
                         net (fo=0)                   0.000     0.000    CLK
    E3                   IBUF (Prop_ibuf_I_O)         0.438     0.438 r  CLK_IBUF_inst/O
                         net (fo=1, routed)           0.699     1.136    CLK_IBUF
    BUFGCTRL_X0Y16       BUFG (Prop_bufg_I_O)         0.029     1.165 r  CLK_IBUF_BUFG_inst/O
                         net (fo=241, routed)         0.835     2.000    filt_btn1/CLK_IBUF_BUFG
    SLICE_X8Y113         FDCE                                         r  filt_btn1/FLTR_CNT_reg[0]/C
                         clock pessimism             -0.502     1.497    
    SLICE_X8Y113         FDCE (Hold_fdce_C_D)         0.133     1.630    filt_btn1/FLTR_CNT_reg[0]
  -------------------------------------------------------------------
                         required time                         -1.630    
                         arrival time                           1.819    
  -------------------------------------------------------------------
                         slack                                  0.189    

Slack (MET) :             0.195ns  (arrival time - required time)
  Source:                 filt_btn1/BTN_S2_reg/C
                            (rising edge-triggered cell FDCE clocked by sys_clk_pin  {rise@0.000ns fall@5.000ns period=10.000ns})
  Destination:            filt_btn1/FLTR_CNT_reg[2]/D
                            (rising edge-triggered cell FDCE clocked by sys_clk_pin  {rise@0.000ns fall@5.000ns period=10.000ns})
  Path Group:             sys_clk_pin
  Path Type:              Hold (Min at Fast Process Corner)
  Requirement:            0.000ns  (sys_clk_pin rise@0.000ns - sys_clk_pin rise@0.000ns)
  Data Path Delay:        0.339ns  (logic 0.189ns (55.805%)  route 0.150ns (44.195%))
  Logic Levels:           1  (LUT5=1)
  Clock Path Skew:        0.013ns (DCD - SCD - CPR)
    Destination Clock Delay (DCD):    2.000ns
    Source Clock Delay      (SCD):    1.484ns
    Clock Pessimism Removal (CPR):    0.502ns

    Location             Delay type                Incr(ns)  Path(ns)    Netlist Resource(s)
  -------------------------------------------------------------------    -------------------
                         (clock sys_clk_pin rise edge)
                                                      0.000     0.000 r  
    E3                                                0.000     0.000 r  CLK (IN)
                         net (fo=0)                   0.000     0.000    CLK
    E3                   IBUF (Prop_ibuf_I_O)         0.250     0.250 r  CLK_IBUF_inst/O
                         net (fo=1, routed)           0.644     0.894    CLK_IBUF
    BUFGCTRL_X0Y16       BUFG (Prop_bufg_I_O)         0.026     0.920 r  CLK_IBUF_BUFG_inst/O
                         net (fo=241, routed)         0.565     1.484    filt_btn1/CLK_IBUF_BUFG
    SLICE_X9Y113         FDCE                                         r  filt_btn1/BTN_S2_reg/C
  -------------------------------------------------------------------    -------------------
    SLICE_X9Y113         FDCE (Prop_fdce_C_Q)         0.141     1.625 r  filt_btn1/BTN_S2_reg/Q
                         net (fo=19, routed)          0.150     1.775    filt_btn1/GEN_PAR_ERR
    SLICE_X8Y113         LUT5 (Prop_lut5_I1_O)        0.048     1.823 r  filt_btn1/FLTR_CNT[2]_i_1__0/O
                         net (fo=1, routed)           0.000     1.823    filt_btn1/p_0_in__0[2]
    SLICE_X8Y113         FDCE                                         r  filt_btn1/FLTR_CNT_reg[2]/D
  -------------------------------------------------------------------    -------------------

                         (clock sys_clk_pin rise edge)
                                                      0.000     0.000 r  
    E3                                                0.000     0.000 r  CLK (IN)
                         net (fo=0)                   0.000     0.000    CLK
    E3                   IBUF (Prop_ibuf_I_O)         0.438     0.438 r  CLK_IBUF_inst/O
                         net (fo=1, routed)           0.699     1.136    CLK_IBUF
    BUFGCTRL_X0Y16       BUFG (Prop_bufg_I_O)         0.029     1.165 r  CLK_IBUF_BUFG_inst/O
                         net (fo=241, routed)         0.835     2.000    filt_btn1/CLK_IBUF_BUFG
    SLICE_X8Y113         FDCE                                         r  filt_btn1/FLTR_CNT_reg[2]/C
                         clock pessimism             -0.502     1.497    
    SLICE_X8Y113         FDCE (Hold_fdce_C_D)         0.131     1.628    filt_btn1/FLTR_CNT_reg[2]
  -------------------------------------------------------------------
                         required time                         -1.628    
                         arrival time                           1.823    
  -------------------------------------------------------------------
                         slack                                  0.195    

Slack (MET) :             0.199ns  (arrival time - required time)
  Source:                 filt_btn0/BTN_S1_reg/C
                            (rising edge-triggered cell FDCE clocked by sys_clk_pin  {rise@0.000ns fall@5.000ns period=10.000ns})
  Destination:            filt_btn0/FLTR_CNT_reg[3]/D
                            (rising edge-triggered cell FDCE clocked by sys_clk_pin  {rise@0.000ns fall@5.000ns period=10.000ns})
  Path Group:             sys_clk_pin
  Path Type:              Hold (Min at Fast Process Corner)
  Requirement:            0.000ns  (sys_clk_pin rise@0.000ns - sys_clk_pin rise@0.000ns)
  Data Path Delay:        0.304ns  (logic 0.209ns (68.852%)  route 0.095ns (31.148%))
  Logic Levels:           1  (LUT6=1)
  Clock Path Skew:        0.013ns (DCD - SCD - CPR)
    Destination Clock Delay (DCD):    2.001ns
    Source Clock Delay      (SCD):    1.485ns
    Clock Pessimism Removal (CPR):    0.502ns

    Location             Delay type                Incr(ns)  Path(ns)    Netlist Resource(s)
  -------------------------------------------------------------------    -------------------
                         (clock sys_clk_pin rise edge)
                                                      0.000     0.000 r  
    E3                                                0.000     0.000 r  CLK (IN)
                         net (fo=0)                   0.000     0.000    CLK
    E3                   IBUF (Prop_ibuf_I_O)         0.250     0.250 r  CLK_IBUF_inst/O
                         net (fo=1, routed)           0.644     0.894    CLK_IBUF
    BUFGCTRL_X0Y16       BUFG (Prop_bufg_I_O)         0.026     0.920 r  CLK_IBUF_BUFG_inst/O
                         net (fo=241, routed)         0.566     1.485    filt_btn0/CLK_IBUF_BUFG
    SLICE_X8Y112         FDCE                                         r  filt_btn0/BTN_S1_reg/C
  -------------------------------------------------------------------    -------------------
    SLICE_X8Y112         FDCE (Prop_fdce_C_Q)         0.164     1.649 r  filt_btn0/BTN_S1_reg/Q
                         net (fo=6, routed)           0.095     1.744    filt_btn0/BTN_S1
    SLICE_X9Y112         LUT6 (Prop_lut6_I0_O)        0.045     1.789 r  filt_btn0/FLTR_CNT[3]_i_2/O
                         net (fo=1, routed)           0.000     1.789    filt_btn0/p_0_in[3]
    SLICE_X9Y112         FDCE                                         r  filt_btn0/FLTR_CNT_reg[3]/D
  -------------------------------------------------------------------    -------------------

                         (clock sys_clk_pin rise edge)
                                                      0.000     0.000 r  
    E3                                                0.000     0.000 r  CLK (IN)
                         net (fo=0)                   0.000     0.000    CLK
    E3                   IBUF (Prop_ibuf_I_O)         0.438     0.438 r  CLK_IBUF_inst/O
                         net (fo=1, routed)           0.699     1.136    CLK_IBUF
    BUFGCTRL_X0Y16       BUFG (Prop_bufg_I_O)         0.029     1.165 r  CLK_IBUF_BUFG_inst/O
                         net (fo=241, routed)         0.836     2.001    filt_btn0/CLK_IBUF_BUFG
    SLICE_X9Y112         FDCE                                         r  filt_btn0/FLTR_CNT_reg[3]/C
                         clock pessimism             -0.502     1.498    
    SLICE_X9Y112         FDCE (Hold_fdce_C_D)         0.092     1.590    filt_btn0/FLTR_CNT_reg[3]
  -------------------------------------------------------------------
                         required time                         -1.590    
                         arrival time                           1.789    
  -------------------------------------------------------------------
                         slack                                  0.199    

Slack (MET) :             0.202ns  (arrival time - required time)
  Source:                 filt_btn1/BTN_S2_reg/C
                            (rising edge-triggered cell FDCE clocked by sys_clk_pin  {rise@0.000ns fall@5.000ns period=10.000ns})
  Destination:            filt_btn1/FLTR_CNT_reg[1]/D
                            (rising edge-triggered cell FDCE clocked by sys_clk_pin  {rise@0.000ns fall@5.000ns period=10.000ns})
  Path Group:             sys_clk_pin
  Path Type:              Hold (Min at Fast Process Corner)
  Requirement:            0.000ns  (sys_clk_pin rise@0.000ns - sys_clk_pin rise@0.000ns)
  Data Path Delay:        0.336ns  (logic 0.186ns (55.410%)  route 0.150ns (44.590%))
  Logic Levels:           1  (LUT4=1)
  Clock Path Skew:        0.013ns (DCD - SCD - CPR)
    Destination Clock Delay (DCD):    2.000ns
    Source Clock Delay      (SCD):    1.484ns
    Clock Pessimism Removal (CPR):    0.502ns

    Location             Delay type                Incr(ns)  Path(ns)    Netlist Resource(s)
  -------------------------------------------------------------------    -------------------
                         (clock sys_clk_pin rise edge)
                                                      0.000     0.000 r  
    E3                                                0.000     0.000 r  CLK (IN)
                         net (fo=0)                   0.000     0.000    CLK
    E3                   IBUF (Prop_ibuf_I_O)         0.250     0.250 r  CLK_IBUF_inst/O
                         net (fo=1, routed)           0.644     0.894    CLK_IBUF
    BUFGCTRL_X0Y16       BUFG (Prop_bufg_I_O)         0.026     0.920 r  CLK_IBUF_BUFG_inst/O
                         net (fo=241, routed)         0.565     1.484    filt_btn1/CLK_IBUF_BUFG
    SLICE_X9Y113         FDCE                                         r  filt_btn1/BTN_S2_reg/C
  -------------------------------------------------------------------    -------------------
    SLICE_X9Y113         FDCE (Prop_fdce_C_Q)         0.141     1.625 r  filt_btn1/BTN_S2_reg/Q
                         net (fo=19, routed)          0.150     1.775    filt_btn1/GEN_PAR_ERR
    SLICE_X8Y113         LUT4 (Prop_lut4_I1_O)        0.045     1.820 r  filt_btn1/FLTR_CNT[1]_i_1__0/O
                         net (fo=1, routed)           0.000     1.820    filt_btn1/p_0_in__0[1]
    SLICE_X8Y113         FDCE                                         r  filt_btn1/FLTR_CNT_reg[1]/D
  -------------------------------------------------------------------    -------------------

                         (clock sys_clk_pin rise edge)
                                                      0.000     0.000 r  
    E3                                                0.000     0.000 r  CLK (IN)
                         net (fo=0)                   0.000     0.000    CLK
    E3                   IBUF (Prop_ibuf_I_O)         0.438     0.438 r  CLK_IBUF_inst/O
                         net (fo=1, routed)           0.699     1.136    CLK_IBUF
    BUFGCTRL_X0Y16       BUFG (Prop_bufg_I_O)         0.029     1.165 r  CLK_IBUF_BUFG_inst/O
                         net (fo=241, routed)         0.835     2.000    filt_btn1/CLK_IBUF_BUFG
    SLICE_X8Y113         FDCE                                         r  filt_btn1/FLTR_CNT_reg[1]/C
                         clock pessimism             -0.502     1.497    
    SLICE_X8Y113         FDCE (Hold_fdce_C_D)         0.121     1.618    filt_btn1/FLTR_CNT_reg[1]
  -------------------------------------------------------------------
                         required time                         -1.618    
                         arrival time                           1.820    
  -------------------------------------------------------------------
                         slack                                  0.202    

Slack (MET) :             0.213ns  (arrival time - required time)
  Source:                 uart/RX_DATA_T_reg[5]/C
                            (rising edge-triggered cell FDCE clocked by sys_clk_pin  {rise@0.000ns fall@5.000ns period=10.000ns})
  Destination:            fr_fsm/DATA_REG_reg[3]/D
                            (rising edge-triggered cell FDCE clocked by sys_clk_pin  {rise@0.000ns fall@5.000ns period=10.000ns})
  Path Group:             sys_clk_pin
  Path Type:              Hold (Min at Fast Process Corner)
  Requirement:            0.000ns  (sys_clk_pin rise@0.000ns - sys_clk_pin rise@0.000ns)
  Data Path Delay:        0.368ns  (logic 0.209ns (56.783%)  route 0.159ns (43.217%))
  Logic Levels:           1  (LUT6=1)
  Clock Path Skew:        0.034ns (DCD - SCD - CPR)
    Destination Clock Delay (DCD):    2.026ns
    Source Clock Delay      (SCD):    1.512ns
    Clock Pessimism Removal (CPR):    0.479ns

    Location             Delay type                Incr(ns)  Path(ns)    Netlist Resource(s)
  -------------------------------------------------------------------    -------------------
                         (clock sys_clk_pin rise edge)
                                                      0.000     0.000 r  
    E3                                                0.000     0.000 r  CLK (IN)
                         net (fo=0)                   0.000     0.000    CLK
    E3                   IBUF (Prop_ibuf_I_O)         0.250     0.250 r  CLK_IBUF_inst/O
                         net (fo=1, routed)           0.644     0.894    CLK_IBUF
    BUFGCTRL_X0Y16       BUFG (Prop_bufg_I_O)         0.026     0.920 r  CLK_IBUF_BUFG_inst/O
                         net (fo=241, routed)         0.593     1.512    uart/CLK_IBUF_BUFG
    SLICE_X2Y116         FDCE                                         r  uart/RX_DATA_T_reg[5]/C
  -------------------------------------------------------------------    -------------------
    SLICE_X2Y116         FDCE (Prop_fdce_C_Q)         0.164     1.676 r  uart/RX_DATA_T_reg[5]/Q
                         net (fo=7, routed)           0.159     1.835    uart/RX_DATA[5]
    SLICE_X6Y116         LUT6 (Prop_lut6_I3_O)        0.045     1.880 r  uart/DATA_REG[3]_i_1/O
                         net (fo=1, routed)           0.000     1.880    fr_fsm/DATA_REG_reg[3]_0[3]
    SLICE_X6Y116         FDCE                                         r  fr_fsm/DATA_REG_reg[3]/D
  -------------------------------------------------------------------    -------------------

                         (clock sys_clk_pin rise edge)
                                                      0.000     0.000 r  
    E3                                                0.000     0.000 r  CLK (IN)
                         net (fo=0)                   0.000     0.000    CLK
    E3                   IBUF (Prop_ibuf_I_O)         0.438     0.438 r  CLK_IBUF_inst/O
                         net (fo=1, routed)           0.699     1.136    CLK_IBUF
    BUFGCTRL_X0Y16       BUFG (Prop_bufg_I_O)         0.029     1.165 r  CLK_IBUF_BUFG_inst/O
                         net (fo=241, routed)         0.860     2.026    fr_fsm/CLK_IBUF_BUFG
    SLICE_X6Y116         FDCE                                         r  fr_fsm/DATA_REG_reg[3]/C
                         clock pessimism             -0.479     1.546    
    SLICE_X6Y116         FDCE (Hold_fdce_C_D)         0.121     1.667    fr_fsm/DATA_REG_reg[3]
  -------------------------------------------------------------------
                         required time                         -1.667    
                         arrival time                           1.880    
  -------------------------------------------------------------------
                         slack                                  0.213    

Slack (MET) :             0.217ns  (arrival time - required time)
  Source:                 fr_fsm/DATA_REG_reg[26]/C
                            (rising edge-triggered cell FDCE clocked by sys_clk_pin  {rise@0.000ns fall@5.000ns period=10.000ns})
  Destination:            fr_fsm/RES_REG_reg[26]/D
                            (rising edge-triggered cell FDPE clocked by sys_clk_pin  {rise@0.000ns fall@5.000ns period=10.000ns})
  Path Group:             sys_clk_pin
  Path Type:              Hold (Min at Fast Process Corner)
  Requirement:            0.000ns  (sys_clk_pin rise@0.000ns - sys_clk_pin rise@0.000ns)
  Data Path Delay:        0.335ns  (logic 0.275ns (82.089%)  route 0.060ns (17.911%))
  Logic Levels:           2  (CARRY4=1 LUT2=1)
  Clock Path Skew:        0.013ns (DCD - SCD - CPR)
    Destination Clock Delay (DCD):    2.021ns
    Source Clock Delay      (SCD):    1.505ns
    Clock Pessimism Removal (CPR):    0.502ns

    Location             Delay type                Incr(ns)  Path(ns)    Netlist Resource(s)
  -------------------------------------------------------------------    -------------------
                         (clock sys_clk_pin rise edge)
                                                      0.000     0.000 r  
    E3                                                0.000     0.000 r  CLK (IN)
                         net (fo=0)                   0.000     0.000    CLK
    E3                   IBUF (Prop_ibuf_I_O)         0.250     0.250 r  CLK_IBUF_inst/O
                         net (fo=1, routed)           0.644     0.894    CLK_IBUF
    BUFGCTRL_X0Y16       BUFG (Prop_bufg_I_O)         0.026     0.920 r  CLK_IBUF_BUFG_inst/O
                         net (fo=241, routed)         0.586     1.505    fr_fsm/CLK_IBUF_BUFG
    SLICE_X2Y123         FDCE                                         r  fr_fsm/DATA_REG_reg[26]/C
  -------------------------------------------------------------------    -------------------
    SLICE_X2Y123         FDCE (Prop_fdce_C_Q)         0.164     1.669 r  fr_fsm/DATA_REG_reg[26]/Q
                         net (fo=3, routed)           0.060     1.729    fr_fsm/DATA_REG_reg_n_0_[26]
    SLICE_X3Y123         LUT2 (Prop_lut2_I0_O)        0.045     1.774 r  fr_fsm/RES_REG[24]_i_3/O
                         net (fo=1, routed)           0.000     1.774    fr_fsm/RES_REG[24]_i_3_n_0
    SLICE_X3Y123         CARRY4 (Prop_carry4_S[2]_O[2])
                                                      0.066     1.840 r  fr_fsm/RES_REG_reg[24]_i_1/O[2]
                         net (fo=1, routed)           0.000     1.840    fr_fsm/RES_REG_reg[24]_i_1_n_5
    SLICE_X3Y123         FDPE                                         r  fr_fsm/RES_REG_reg[26]/D
  -------------------------------------------------------------------    -------------------

                         (clock sys_clk_pin rise edge)
                                                      0.000     0.000 r  
    E3                                                0.000     0.000 r  CLK (IN)
                         net (fo=0)                   0.000     0.000    CLK
    E3                   IBUF (Prop_ibuf_I_O)         0.438     0.438 r  CLK_IBUF_inst/O
                         net (fo=1, routed)           0.699     1.136    CLK_IBUF
    BUFGCTRL_X0Y16       BUFG (Prop_bufg_I_O)         0.029     1.165 r  CLK_IBUF_BUFG_inst/O
                         net (fo=241, routed)         0.855     2.021    fr_fsm/CLK_IBUF_BUFG
    SLICE_X3Y123         FDPE                                         r  fr_fsm/RES_REG_reg[26]/C
                         clock pessimism             -0.502     1.518    
    SLICE_X3Y123         FDPE (Hold_fdpe_C_D)         0.105     1.623    fr_fsm/RES_REG_reg[26]
  -------------------------------------------------------------------
                         required time                         -1.623    
                         arrival time                           1.840    
  -------------------------------------------------------------------
                         slack                                  0.217    

Slack (MET) :             0.218ns  (arrival time - required time)
  Source:                 filt_btn1/BTN_S1_reg/C
                            (rising edge-triggered cell FDCE clocked by sys_clk_pin  {rise@0.000ns fall@5.000ns period=10.000ns})
  Destination:            filt_btn1/FLTR_CNT_reg[3]/D
                            (rising edge-triggered cell FDCE clocked by sys_clk_pin  {rise@0.000ns fall@5.000ns period=10.000ns})
  Path Group:             sys_clk_pin
  Path Type:              Hold (Min at Fast Process Corner)
  Requirement:            0.000ns  (sys_clk_pin rise@0.000ns - sys_clk_pin rise@0.000ns)
  Data Path Delay:        0.353ns  (logic 0.209ns (59.153%)  route 0.144ns (40.847%))
  Logic Levels:           1  (LUT6=1)
  Clock Path Skew:        0.014ns (DCD - SCD - CPR)
    Destination Clock Delay (DCD):    2.000ns
    Source Clock Delay      (SCD):    1.485ns
    Clock Pessimism Removal (CPR):    0.500ns

    Location             Delay type                Incr(ns)  Path(ns)    Netlist Resource(s)
  -------------------------------------------------------------------    -------------------
                         (clock sys_clk_pin rise edge)
                                                      0.000     0.000 r  
    E3                                                0.000     0.000 r  CLK (IN)
                         net (fo=0)                   0.000     0.000    CLK
    E3                   IBUF (Prop_ibuf_I_O)         0.250     0.250 r  CLK_IBUF_inst/O
                         net (fo=1, routed)           0.644     0.894    CLK_IBUF
    BUFGCTRL_X0Y16       BUFG (Prop_bufg_I_O)         0.026     0.920 r  CLK_IBUF_BUFG_inst/O
                         net (fo=241, routed)         0.566     1.485    filt_btn1/CLK_IBUF_BUFG
    SLICE_X8Y112         FDCE                                         r  filt_btn1/BTN_S1_reg/C
  -------------------------------------------------------------------    -------------------
    SLICE_X8Y112         FDCE (Prop_fdce_C_Q)         0.164     1.649 r  filt_btn1/BTN_S1_reg/Q
                         net (fo=6, routed)           0.144     1.794    filt_btn1/BTN_S1
    SLICE_X8Y113         LUT6 (Prop_lut6_I0_O)        0.045     1.839 r  filt_btn1/FLTR_CNT[3]_i_2__0/O
                         net (fo=1, routed)           0.000     1.839    filt_btn1/p_0_in__0[3]
    SLICE_X8Y113         FDCE                                         r  filt_btn1/FLTR_CNT_reg[3]/D
  -------------------------------------------------------------------    -------------------

                         (clock sys_clk_pin rise edge)
                                                      0.000     0.000 r  
    E3                                                0.000     0.000 r  CLK (IN)
                         net (fo=0)                   0.000     0.000    CLK
    E3                   IBUF (Prop_ibuf_I_O)         0.438     0.438 r  CLK_IBUF_inst/O
                         net (fo=1, routed)           0.699     1.136    CLK_IBUF
    BUFGCTRL_X0Y16       BUFG (Prop_bufg_I_O)         0.029     1.165 r  CLK_IBUF_BUFG_inst/O
                         net (fo=241, routed)         0.835     2.000    filt_btn1/CLK_IBUF_BUFG
    SLICE_X8Y113         FDCE                                         r  filt_btn1/FLTR_CNT_reg[3]/C
                         clock pessimism             -0.500     1.499    
    SLICE_X8Y113         FDCE (Hold_fdce_C_D)         0.121     1.620    filt_btn1/FLTR_CNT_reg[3]
  -------------------------------------------------------------------
                         required time                         -1.620    
                         arrival time                           1.839    
  -------------------------------------------------------------------
                         slack                                  0.218    

Slack (MET) :             0.220ns  (arrival time - required time)
  Source:                 uart/div1khz/COUNTER_reg[6]/C
                            (rising edge-triggered cell FDCE clocked by sys_clk_pin  {rise@0.000ns fall@5.000ns period=10.000ns})
  Destination:            uart/div1khz/COUNTER_reg[1]/D
                            (rising edge-triggered cell FDCE clocked by sys_clk_pin  {rise@0.000ns fall@5.000ns period=10.000ns})
  Path Group:             sys_clk_pin
  Path Type:              Hold (Min at Fast Process Corner)
  Requirement:            0.000ns  (sys_clk_pin rise@0.000ns - sys_clk_pin rise@0.000ns)
  Data Path Delay:        0.355ns  (logic 0.186ns (52.361%)  route 0.169ns (47.639%))
  Logic Levels:           1  (LUT6=1)
  Clock Path Skew:        0.015ns (DCD - SCD - CPR)
    Destination Clock Delay (DCD):    2.000ns
    Source Clock Delay      (SCD):    1.484ns
    Clock Pessimism Removal (CPR):    0.500ns

    Location             Delay type                Incr(ns)  Path(ns)    Netlist Resource(s)
  -------------------------------------------------------------------    -------------------
                         (clock sys_clk_pin rise edge)
                                                      0.000     0.000 r  
    E3                                                0.000     0.000 r  CLK (IN)
                         net (fo=0)                   0.000     0.000    CLK
    E3                   IBUF (Prop_ibuf_I_O)         0.250     0.250 r  CLK_IBUF_inst/O
                         net (fo=1, routed)           0.644     0.894    CLK_IBUF
    BUFGCTRL_X0Y16       BUFG (Prop_bufg_I_O)         0.026     0.920 r  CLK_IBUF_BUFG_inst/O
                         net (fo=241, routed)         0.565     1.484    uart/div1khz/CLK_IBUF_BUFG
    SLICE_X9Y113         FDCE                                         r  uart/div1khz/COUNTER_reg[6]/C
  -------------------------------------------------------------------    -------------------
    SLICE_X9Y113         FDCE (Prop_fdce_C_Q)         0.141     1.625 f  uart/div1khz/COUNTER_reg[6]/Q
                         net (fo=14, routed)          0.169     1.795    uart/div1khz/COUNTER_reg_n_0_[6]
    SLICE_X8Y114         LUT6 (Prop_lut6_I3_O)        0.045     1.840 r  uart/div1khz/COUNTER[1]_i_1__0/O
                         net (fo=1, routed)           0.000     1.840    uart/div1khz/COUNTER[1]
    SLICE_X8Y114         FDCE                                         r  uart/div1khz/COUNTER_reg[1]/D
  -------------------------------------------------------------------    -------------------

                         (clock sys_clk_pin rise edge)
                                                      0.000     0.000 r  
    E3                                                0.000     0.000 r  CLK (IN)
                         net (fo=0)                   0.000     0.000    CLK
    E3                   IBUF (Prop_ibuf_I_O)         0.438     0.438 r  CLK_IBUF_inst/O
                         net (fo=1, routed)           0.699     1.136    CLK_IBUF
    BUFGCTRL_X0Y16       BUFG (Prop_bufg_I_O)         0.029     1.165 r  CLK_IBUF_BUFG_inst/O
                         net (fo=241, routed)         0.835     2.000    uart/div1khz/CLK_IBUF_BUFG
    SLICE_X8Y114         FDCE                                         r  uart/div1khz/COUNTER_reg[1]/C
                         clock pessimism             -0.500     1.499    
    SLICE_X8Y114         FDCE (Hold_fdce_C_D)         0.120     1.619    uart/div1khz/COUNTER_reg[1]
  -------------------------------------------------------------------
                         required time                         -1.619    
                         arrival time                           1.840    
  -------------------------------------------------------------------
                         slack                                  0.220    





Pulse Width Checks
--------------------------------------------------------------------------------------
Clock Name:         sys_clk_pin
Waveform(ns):       { 0.000 5.000 }
Period(ns):         10.000
Sources:            { CLK }

Check Type        Corner  Lib Pin  Reference Pin  Required(ns)  Actual(ns)  Slack(ns)  Location        Pin
Min Period        n/a     BUFG/I   n/a            2.155         10.000      7.845      BUFGCTRL_X0Y16  CLK_IBUF_BUFG_inst/I
Min Period        n/a     FDPE/C   n/a            1.000         10.000      9.000      SLICE_X2Y125    RST_SYNC_reg[0]/C
Min Period        n/a     FDCE/C   n/a            1.000         10.000      9.000      SLICE_X2Y125    RST_SYNC_reg[1]/C
Min Period        n/a     FDCE/C   n/a            1.000         10.000      9.000      SLICE_X2Y125    RST_SYNC_reg[2]/C
Min Period        n/a     FDCE/C   n/a            1.000         10.000      9.000      SLICE_X6Y112    div1khz/CEO_reg/C
Min Period        n/a     FDCE/C   n/a            1.000         10.000      9.000      SLICE_X6Y112    div1khz/COUNTER_reg[0]/C
Min Period        n/a     FDCE/C   n/a            1.000         10.000      9.000      SLICE_X7Y112    div1khz/COUNTER_reg[10]/C
Min Period        n/a     FDCE/C   n/a            1.000         10.000      9.000      SLICE_X7Y112    div1khz/COUNTER_reg[11]/C
Min Period        n/a     FDCE/C   n/a            1.000         10.000      9.000      SLICE_X7Y112    div1khz/COUNTER_reg[12]/C
Min Period        n/a     FDCE/C   n/a            1.000         10.000      9.000      SLICE_X7Y113    div1khz/COUNTER_reg[13]/C
Low Pulse Width   Slow    FDPE/C   n/a            0.500         5.000       4.500      SLICE_X2Y125    RST_SYNC_reg[0]/C
Low Pulse Width   Fast    FDPE/C   n/a            0.500         5.000       4.500      SLICE_X2Y125    RST_SYNC_reg[0]/C
Low Pulse Width   Slow    FDCE/C   n/a            0.500         5.000       4.500      SLICE_X2Y125    RST_SYNC_reg[1]/C
Low Pulse Width   Fast    FDCE/C   n/a            0.500         5.000       4.500      SLICE_X2Y125    RST_SYNC_reg[1]/C
Low Pulse Width   Slow    FDCE/C   n/a            0.500         5.000       4.500      SLICE_X2Y125    RST_SYNC_reg[2]/C
Low Pulse Width   Fast    FDCE/C   n/a            0.500         5.000       4.500      SLICE_X2Y125    RST_SYNC_reg[2]/C
Low Pulse Width   Slow    FDCE/C   n/a            0.500         5.000       4.500      SLICE_X6Y112    div1khz/CEO_reg/C
Low Pulse Width   Fast    FDCE/C   n/a            0.500         5.000       4.500      SLICE_X6Y112    div1khz/CEO_reg/C
Low Pulse Width   Slow    FDCE/C   n/a            0.500         5.000       4.500      SLICE_X6Y112    div1khz/COUNTER_reg[0]/C
Low Pulse Width   Fast    FDCE/C   n/a            0.500         5.000       4.500      SLICE_X6Y112    div1khz/COUNTER_reg[0]/C
High Pulse Width  Slow    FDPE/C   n/a            0.500         5.000       4.500      SLICE_X2Y125    RST_SYNC_reg[0]/C
High Pulse Width  Fast    FDPE/C   n/a            0.500         5.000       4.500      SLICE_X2Y125    RST_SYNC_reg[0]/C
High Pulse Width  Slow    FDCE/C   n/a            0.500         5.000       4.500      SLICE_X2Y125    RST_SYNC_reg[1]/C
High Pulse Width  Fast    FDCE/C   n/a            0.500         5.000       4.500      SLICE_X2Y125    RST_SYNC_reg[1]/C
High Pulse Width  Slow    FDCE/C   n/a            0.500         5.000       4.500      SLICE_X2Y125    RST_SYNC_reg[2]/C
High Pulse Width  Fast    FDCE/C   n/a            0.500         5.000       4.500      SLICE_X2Y125    RST_SYNC_reg[2]/C
High Pulse Width  Slow    FDCE/C   n/a            0.500         5.000       4.500      SLICE_X6Y112    div1khz/CEO_reg/C
High Pulse Width  Fast    FDCE/C   n/a            0.500         5.000       4.500      SLICE_X6Y112    div1khz/CEO_reg/C
High Pulse Width  Slow    FDCE/C   n/a            0.500         5.000       4.500      SLICE_X6Y112    div1khz/COUNTER_reg[0]/C
High Pulse Width  Fast    FDCE/C   n/a            0.500         5.000       4.500      SLICE_X6Y112    div1khz/COUNTER_reg[0]/C



---------------------------------------------------------------------------------------------------
Path Group:  **async_default**
From Clock:  sys_clk_pin
  To Clock:  sys_clk_pin

Setup :            0  Failing Endpoints,  Worst Slack        6.196ns,  Total Violation        0.000ns
Hold  :            0  Failing Endpoints,  Worst Slack        0.409ns,  Total Violation        0.000ns
---------------------------------------------------------------------------------------------------


Max Delay Paths
--------------------------------------------------------------------------------------
Slack (MET) :             6.196ns  (required time - arrival time)
  Source:                 RST_SYNC_reg[2]/C
                            (rising edge-triggered cell FDCE clocked by sys_clk_pin  {rise@0.000ns fall@5.000ns period=10.000ns})
  Destination:            fr_fsm/TX_DATA_T_reg[3]/CLR
                            (recovery check against rising-edge clock sys_clk_pin  {rise@0.000ns fall@5.000ns period=10.000ns})
  Path Group:             **async_default**
  Path Type:              Recovery (Max at Slow Process Corner)
  Requirement:            10.000ns  (sys_clk_pin rise@10.000ns - sys_clk_pin rise@0.000ns)
  Data Path Delay:        3.329ns  (logic 0.518ns (15.560%)  route 2.811ns (84.440%))
  Logic Levels:           0  
  Clock Path Skew:        -0.035ns (DCD - SCD + CPR)
    Destination Clock Delay (DCD):    4.997ns = ( 14.997 - 10.000 ) 
    Source Clock Delay      (SCD):    5.291ns
    Clock Pessimism Removal (CPR):    0.259ns
  Clock Uncertainty:      0.035ns  ((TSJ^2 + TIJ^2)^1/2 + DJ) / 2 + PE
    Total System Jitter     (TSJ):    0.071ns
    Total Input Jitter      (TIJ):    0.000ns
    Discrete Jitter          (DJ):    0.000ns
    Phase Error              (PE):    0.000ns

    Location             Delay type                Incr(ns)  Path(ns)    Netlist Resource(s)
  -------------------------------------------------------------------    -------------------
                         (clock sys_clk_pin rise edge)
                                                      0.000     0.000 r  
    E3                                                0.000     0.000 r  CLK (IN)
                         net (fo=0)                   0.000     0.000    CLK
    E3                   IBUF (Prop_ibuf_I_O)         1.482     1.482 r  CLK_IBUF_inst/O
                         net (fo=1, routed)           2.025     3.506    CLK_IBUF
    BUFGCTRL_X0Y16       BUFG (Prop_bufg_I_O)         0.096     3.602 r  CLK_IBUF_BUFG_inst/O
                         net (fo=241, routed)         1.689     5.291    CLK_IBUF_BUFG
    SLICE_X2Y125         FDCE                                         r  RST_SYNC_reg[2]/C
  -------------------------------------------------------------------    -------------------
    SLICE_X2Y125         FDCE (Prop_fdce_C_Q)         0.518     5.809 f  RST_SYNC_reg[2]/Q
                         net (fo=238, routed)         2.811     8.620    fr_fsm/Q[0]
    SLICE_X5Y121         FDCE                                         f  fr_fsm/TX_DATA_T_reg[3]/CLR
  -------------------------------------------------------------------    -------------------

                         (clock sys_clk_pin rise edge)
                                                     10.000    10.000 r  
    E3                                                0.000    10.000 r  CLK (IN)
                         net (fo=0)                   0.000    10.000    CLK
    E3                   IBUF (Prop_ibuf_I_O)         1.411    11.411 r  CLK_IBUF_inst/O
                         net (fo=1, routed)           1.920    13.331    CLK_IBUF
    BUFGCTRL_X0Y16       BUFG (Prop_bufg_I_O)         0.091    13.422 r  CLK_IBUF_BUFG_inst/O
                         net (fo=241, routed)         1.575    14.997    fr_fsm/CLK_IBUF_BUFG
    SLICE_X5Y121         FDCE                                         r  fr_fsm/TX_DATA_T_reg[3]/C
                         clock pessimism              0.259    15.256    
                         clock uncertainty           -0.035    15.221    
    SLICE_X5Y121         FDCE (Recov_fdce_C_CLR)     -0.405    14.816    fr_fsm/TX_DATA_T_reg[3]
  -------------------------------------------------------------------
                         required time                         14.816    
                         arrival time                          -8.620    
  -------------------------------------------------------------------
                         slack                                  6.196    

Slack (MET) :             6.196ns  (required time - arrival time)
  Source:                 RST_SYNC_reg[2]/C
                            (rising edge-triggered cell FDCE clocked by sys_clk_pin  {rise@0.000ns fall@5.000ns period=10.000ns})
  Destination:            fr_fsm/TX_DATA_T_reg[4]/CLR
                            (recovery check against rising-edge clock sys_clk_pin  {rise@0.000ns fall@5.000ns period=10.000ns})
  Path Group:             **async_default**
  Path Type:              Recovery (Max at Slow Process Corner)
  Requirement:            10.000ns  (sys_clk_pin rise@10.000ns - sys_clk_pin rise@0.000ns)
  Data Path Delay:        3.329ns  (logic 0.518ns (15.560%)  route 2.811ns (84.440%))
  Logic Levels:           0  
  Clock Path Skew:        -0.035ns (DCD - SCD + CPR)
    Destination Clock Delay (DCD):    4.997ns = ( 14.997 - 10.000 ) 
    Source Clock Delay      (SCD):    5.291ns
    Clock Pessimism Removal (CPR):    0.259ns
  Clock Uncertainty:      0.035ns  ((TSJ^2 + TIJ^2)^1/2 + DJ) / 2 + PE
    Total System Jitter     (TSJ):    0.071ns
    Total Input Jitter      (TIJ):    0.000ns
    Discrete Jitter          (DJ):    0.000ns
    Phase Error              (PE):    0.000ns

    Location             Delay type                Incr(ns)  Path(ns)    Netlist Resource(s)
  -------------------------------------------------------------------    -------------------
                         (clock sys_clk_pin rise edge)
                                                      0.000     0.000 r  
    E3                                                0.000     0.000 r  CLK (IN)
                         net (fo=0)                   0.000     0.000    CLK
    E3                   IBUF (Prop_ibuf_I_O)         1.482     1.482 r  CLK_IBUF_inst/O
                         net (fo=1, routed)           2.025     3.506    CLK_IBUF
    BUFGCTRL_X0Y16       BUFG (Prop_bufg_I_O)         0.096     3.602 r  CLK_IBUF_BUFG_inst/O
                         net (fo=241, routed)         1.689     5.291    CLK_IBUF_BUFG
    SLICE_X2Y125         FDCE                                         r  RST_SYNC_reg[2]/C
  -------------------------------------------------------------------    -------------------
    SLICE_X2Y125         FDCE (Prop_fdce_C_Q)         0.518     5.809 f  RST_SYNC_reg[2]/Q
                         net (fo=238, routed)         2.811     8.620    fr_fsm/Q[0]
    SLICE_X5Y121         FDCE                                         f  fr_fsm/TX_DATA_T_reg[4]/CLR
  -------------------------------------------------------------------    -------------------

                         (clock sys_clk_pin rise edge)
                                                     10.000    10.000 r  
    E3                                                0.000    10.000 r  CLK (IN)
                         net (fo=0)                   0.000    10.000    CLK
    E3                   IBUF (Prop_ibuf_I_O)         1.411    11.411 r  CLK_IBUF_inst/O
                         net (fo=1, routed)           1.920    13.331    CLK_IBUF
    BUFGCTRL_X0Y16       BUFG (Prop_bufg_I_O)         0.091    13.422 r  CLK_IBUF_BUFG_inst/O
                         net (fo=241, routed)         1.575    14.997    fr_fsm/CLK_IBUF_BUFG
    SLICE_X5Y121         FDCE                                         r  fr_fsm/TX_DATA_T_reg[4]/C
                         clock pessimism              0.259    15.256    
                         clock uncertainty           -0.035    15.221    
    SLICE_X5Y121         FDCE (Recov_fdce_C_CLR)     -0.405    14.816    fr_fsm/TX_DATA_T_reg[4]
  -------------------------------------------------------------------
                         required time                         14.816    
                         arrival time                          -8.620    
  -------------------------------------------------------------------
                         slack                                  6.196    

Slack (MET) :             6.196ns  (required time - arrival time)
  Source:                 RST_SYNC_reg[2]/C
                            (rising edge-triggered cell FDCE clocked by sys_clk_pin  {rise@0.000ns fall@5.000ns period=10.000ns})
  Destination:            fr_fsm/TX_DATA_T_reg[5]/CLR
                            (recovery check against rising-edge clock sys_clk_pin  {rise@0.000ns fall@5.000ns period=10.000ns})
  Path Group:             **async_default**
  Path Type:              Recovery (Max at Slow Process Corner)
  Requirement:            10.000ns  (sys_clk_pin rise@10.000ns - sys_clk_pin rise@0.000ns)
  Data Path Delay:        3.329ns  (logic 0.518ns (15.560%)  route 2.811ns (84.440%))
  Logic Levels:           0  
  Clock Path Skew:        -0.035ns (DCD - SCD + CPR)
    Destination Clock Delay (DCD):    4.997ns = ( 14.997 - 10.000 ) 
    Source Clock Delay      (SCD):    5.291ns
    Clock Pessimism Removal (CPR):    0.259ns
  Clock Uncertainty:      0.035ns  ((TSJ^2 + TIJ^2)^1/2 + DJ) / 2 + PE
    Total System Jitter     (TSJ):    0.071ns
    Total Input Jitter      (TIJ):    0.000ns
    Discrete Jitter          (DJ):    0.000ns
    Phase Error              (PE):    0.000ns

    Location             Delay type                Incr(ns)  Path(ns)    Netlist Resource(s)
  -------------------------------------------------------------------    -------------------
                         (clock sys_clk_pin rise edge)
                                                      0.000     0.000 r  
    E3                                                0.000     0.000 r  CLK (IN)
                         net (fo=0)                   0.000     0.000    CLK
    E3                   IBUF (Prop_ibuf_I_O)         1.482     1.482 r  CLK_IBUF_inst/O
                         net (fo=1, routed)           2.025     3.506    CLK_IBUF
    BUFGCTRL_X0Y16       BUFG (Prop_bufg_I_O)         0.096     3.602 r  CLK_IBUF_BUFG_inst/O
                         net (fo=241, routed)         1.689     5.291    CLK_IBUF_BUFG
    SLICE_X2Y125         FDCE                                         r  RST_SYNC_reg[2]/C
  -------------------------------------------------------------------    -------------------
    SLICE_X2Y125         FDCE (Prop_fdce_C_Q)         0.518     5.809 f  RST_SYNC_reg[2]/Q
                         net (fo=238, routed)         2.811     8.620    fr_fsm/Q[0]
    SLICE_X5Y121         FDCE                                         f  fr_fsm/TX_DATA_T_reg[5]/CLR
  -------------------------------------------------------------------    -------------------

                         (clock sys_clk_pin rise edge)
                                                     10.000    10.000 r  
    E3                                                0.000    10.000 r  CLK (IN)
                         net (fo=0)                   0.000    10.000    CLK
    E3                   IBUF (Prop_ibuf_I_O)         1.411    11.411 r  CLK_IBUF_inst/O
                         net (fo=1, routed)           1.920    13.331    CLK_IBUF
    BUFGCTRL_X0Y16       BUFG (Prop_bufg_I_O)         0.091    13.422 r  CLK_IBUF_BUFG_inst/O
                         net (fo=241, routed)         1.575    14.997    fr_fsm/CLK_IBUF_BUFG
    SLICE_X5Y121         FDCE                                         r  fr_fsm/TX_DATA_T_reg[5]/C
                         clock pessimism              0.259    15.256    
                         clock uncertainty           -0.035    15.221    
    SLICE_X5Y121         FDCE (Recov_fdce_C_CLR)     -0.405    14.816    fr_fsm/TX_DATA_T_reg[5]
  -------------------------------------------------------------------
                         required time                         14.816    
                         arrival time                          -8.620    
  -------------------------------------------------------------------
                         slack                                  6.196    

Slack (MET) :             6.281ns  (required time - arrival time)
  Source:                 RST_SYNC_reg[2]/C
                            (rising edge-triggered cell FDCE clocked by sys_clk_pin  {rise@0.000ns fall@5.000ns period=10.000ns})
  Destination:            uart/div1khz/COUNTER_reg[5]/CLR
                            (recovery check against rising-edge clock sys_clk_pin  {rise@0.000ns fall@5.000ns period=10.000ns})
  Path Group:             **async_default**
  Path Type:              Recovery (Max at Slow Process Corner)
  Requirement:            10.000ns  (sys_clk_pin rise@10.000ns - sys_clk_pin rise@0.000ns)
  Data Path Delay:        3.260ns  (logic 0.518ns (15.892%)  route 2.742ns (84.108%))
  Logic Levels:           0  
  Clock Path Skew:        -0.105ns (DCD - SCD + CPR)
    Destination Clock Delay (DCD):    4.927ns = ( 14.927 - 10.000 ) 
    Source Clock Delay      (SCD):    5.291ns
    Clock Pessimism Removal (CPR):    0.259ns
  Clock Uncertainty:      0.035ns  ((TSJ^2 + TIJ^2)^1/2 + DJ) / 2 + PE
    Total System Jitter     (TSJ):    0.071ns
    Total Input Jitter      (TIJ):    0.000ns
    Discrete Jitter          (DJ):    0.000ns
    Phase Error              (PE):    0.000ns

    Location             Delay type                Incr(ns)  Path(ns)    Netlist Resource(s)
  -------------------------------------------------------------------    -------------------
                         (clock sys_clk_pin rise edge)
                                                      0.000     0.000 r  
    E3                                                0.000     0.000 r  CLK (IN)
                         net (fo=0)                   0.000     0.000    CLK
    E3                   IBUF (Prop_ibuf_I_O)         1.482     1.482 r  CLK_IBUF_inst/O
                         net (fo=1, routed)           2.025     3.506    CLK_IBUF
    BUFGCTRL_X0Y16       BUFG (Prop_bufg_I_O)         0.096     3.602 r  CLK_IBUF_BUFG_inst/O
                         net (fo=241, routed)         1.689     5.291    CLK_IBUF_BUFG
    SLICE_X2Y125         FDCE                                         r  RST_SYNC_reg[2]/C
  -------------------------------------------------------------------    -------------------
    SLICE_X2Y125         FDCE (Prop_fdce_C_Q)         0.518     5.809 f  RST_SYNC_reg[2]/Q
                         net (fo=238, routed)         2.742     8.551    uart/div1khz/Q[0]
    SLICE_X10Y115        FDCE                                         f  uart/div1khz/COUNTER_reg[5]/CLR
  -------------------------------------------------------------------    -------------------

                         (clock sys_clk_pin rise edge)
                                                     10.000    10.000 r  
    E3                                                0.000    10.000 r  CLK (IN)
                         net (fo=0)                   0.000    10.000    CLK
    E3                   IBUF (Prop_ibuf_I_O)         1.411    11.411 r  CLK_IBUF_inst/O
                         net (fo=1, routed)           1.920    13.331    CLK_IBUF
    BUFGCTRL_X0Y16       BUFG (Prop_bufg_I_O)         0.091    13.422 r  CLK_IBUF_BUFG_inst/O
                         net (fo=241, routed)         1.505    14.927    uart/div1khz/CLK_IBUF_BUFG
    SLICE_X10Y115        FDCE                                         r  uart/div1khz/COUNTER_reg[5]/C
                         clock pessimism              0.259    15.186    
                         clock uncertainty           -0.035    15.151    
    SLICE_X10Y115        FDCE (Recov_fdce_C_CLR)     -0.319    14.832    uart/div1khz/COUNTER_reg[5]
  -------------------------------------------------------------------
                         required time                         14.832    
                         arrival time                          -8.551    
  -------------------------------------------------------------------
                         slack                                  6.281    

Slack (MET) :             6.281ns  (required time - arrival time)
  Source:                 RST_SYNC_reg[2]/C
                            (rising edge-triggered cell FDCE clocked by sys_clk_pin  {rise@0.000ns fall@5.000ns period=10.000ns})
  Destination:            uart/div1khz/COUNTER_reg[7]/CLR
                            (recovery check against rising-edge clock sys_clk_pin  {rise@0.000ns fall@5.000ns period=10.000ns})
  Path Group:             **async_default**
  Path Type:              Recovery (Max at Slow Process Corner)
  Requirement:            10.000ns  (sys_clk_pin rise@10.000ns - sys_clk_pin rise@0.000ns)
  Data Path Delay:        3.260ns  (logic 0.518ns (15.892%)  route 2.742ns (84.108%))
  Logic Levels:           0  
  Clock Path Skew:        -0.105ns (DCD - SCD + CPR)
    Destination Clock Delay (DCD):    4.927ns = ( 14.927 - 10.000 ) 
    Source Clock Delay      (SCD):    5.291ns
    Clock Pessimism Removal (CPR):    0.259ns
  Clock Uncertainty:      0.035ns  ((TSJ^2 + TIJ^2)^1/2 + DJ) / 2 + PE
    Total System Jitter     (TSJ):    0.071ns
    Total Input Jitter      (TIJ):    0.000ns
    Discrete Jitter          (DJ):    0.000ns
    Phase Error              (PE):    0.000ns

    Location             Delay type                Incr(ns)  Path(ns)    Netlist Resource(s)
  -------------------------------------------------------------------    -------------------
                         (clock sys_clk_pin rise edge)
                                                      0.000     0.000 r  
    E3                                                0.000     0.000 r  CLK (IN)
                         net (fo=0)                   0.000     0.000    CLK
    E3                   IBUF (Prop_ibuf_I_O)         1.482     1.482 r  CLK_IBUF_inst/O
                         net (fo=1, routed)           2.025     3.506    CLK_IBUF
    BUFGCTRL_X0Y16       BUFG (Prop_bufg_I_O)         0.096     3.602 r  CLK_IBUF_BUFG_inst/O
                         net (fo=241, routed)         1.689     5.291    CLK_IBUF_BUFG
    SLICE_X2Y125         FDCE                                         r  RST_SYNC_reg[2]/C
  -------------------------------------------------------------------    -------------------
    SLICE_X2Y125         FDCE (Prop_fdce_C_Q)         0.518     5.809 f  RST_SYNC_reg[2]/Q
                         net (fo=238, routed)         2.742     8.551    uart/div1khz/Q[0]
    SLICE_X10Y115        FDCE                                         f  uart/div1khz/COUNTER_reg[7]/CLR
  -------------------------------------------------------------------    -------------------

                         (clock sys_clk_pin rise edge)
                                                     10.000    10.000 r  
    E3                                                0.000    10.000 r  CLK (IN)
                         net (fo=0)                   0.000    10.000    CLK
    E3                   IBUF (Prop_ibuf_I_O)         1.411    11.411 r  CLK_IBUF_inst/O
                         net (fo=1, routed)           1.920    13.331    CLK_IBUF
    BUFGCTRL_X0Y16       BUFG (Prop_bufg_I_O)         0.091    13.422 r  CLK_IBUF_BUFG_inst/O
                         net (fo=241, routed)         1.505    14.927    uart/div1khz/CLK_IBUF_BUFG
    SLICE_X10Y115        FDCE                                         r  uart/div1khz/COUNTER_reg[7]/C
                         clock pessimism              0.259    15.186    
                         clock uncertainty           -0.035    15.151    
    SLICE_X10Y115        FDCE (Recov_fdce_C_CLR)     -0.319    14.832    uart/div1khz/COUNTER_reg[7]
  -------------------------------------------------------------------
                         required time                         14.832    
                         arrival time                          -8.551    
  -------------------------------------------------------------------
                         slack                                  6.281    

Slack (MET) :             6.281ns  (required time - arrival time)
  Source:                 RST_SYNC_reg[2]/C
                            (rising edge-triggered cell FDCE clocked by sys_clk_pin  {rise@0.000ns fall@5.000ns period=10.000ns})
  Destination:            uart/div1khz/COUNTER_reg[8]/CLR
                            (recovery check against rising-edge clock sys_clk_pin  {rise@0.000ns fall@5.000ns period=10.000ns})
  Path Group:             **async_default**
  Path Type:              Recovery (Max at Slow Process Corner)
  Requirement:            10.000ns  (sys_clk_pin rise@10.000ns - sys_clk_pin rise@0.000ns)
  Data Path Delay:        3.260ns  (logic 0.518ns (15.892%)  route 2.742ns (84.108%))
  Logic Levels:           0  
  Clock Path Skew:        -0.105ns (DCD - SCD + CPR)
    Destination Clock Delay (DCD):    4.927ns = ( 14.927 - 10.000 ) 
    Source Clock Delay      (SCD):    5.291ns
    Clock Pessimism Removal (CPR):    0.259ns
  Clock Uncertainty:      0.035ns  ((TSJ^2 + TIJ^2)^1/2 + DJ) / 2 + PE
    Total System Jitter     (TSJ):    0.071ns
    Total Input Jitter      (TIJ):    0.000ns
    Discrete Jitter          (DJ):    0.000ns
    Phase Error              (PE):    0.000ns

    Location             Delay type                Incr(ns)  Path(ns)    Netlist Resource(s)
  -------------------------------------------------------------------    -------------------
                         (clock sys_clk_pin rise edge)
                                                      0.000     0.000 r  
    E3                                                0.000     0.000 r  CLK (IN)
                         net (fo=0)                   0.000     0.000    CLK
    E3                   IBUF (Prop_ibuf_I_O)         1.482     1.482 r  CLK_IBUF_inst/O
                         net (fo=1, routed)           2.025     3.506    CLK_IBUF
    BUFGCTRL_X0Y16       BUFG (Prop_bufg_I_O)         0.096     3.602 r  CLK_IBUF_BUFG_inst/O
                         net (fo=241, routed)         1.689     5.291    CLK_IBUF_BUFG
    SLICE_X2Y125         FDCE                                         r  RST_SYNC_reg[2]/C
  -------------------------------------------------------------------    -------------------
    SLICE_X2Y125         FDCE (Prop_fdce_C_Q)         0.518     5.809 f  RST_SYNC_reg[2]/Q
                         net (fo=238, routed)         2.742     8.551    uart/div1khz/Q[0]
    SLICE_X10Y115        FDCE                                         f  uart/div1khz/COUNTER_reg[8]/CLR
  -------------------------------------------------------------------    -------------------

                         (clock sys_clk_pin rise edge)
                                                     10.000    10.000 r  
    E3                                                0.000    10.000 r  CLK (IN)
                         net (fo=0)                   0.000    10.000    CLK
    E3                   IBUF (Prop_ibuf_I_O)         1.411    11.411 r  CLK_IBUF_inst/O
                         net (fo=1, routed)           1.920    13.331    CLK_IBUF
    BUFGCTRL_X0Y16       BUFG (Prop_bufg_I_O)         0.091    13.422 r  CLK_IBUF_BUFG_inst/O
                         net (fo=241, routed)         1.505    14.927    uart/div1khz/CLK_IBUF_BUFG
    SLICE_X10Y115        FDCE                                         r  uart/div1khz/COUNTER_reg[8]/C
                         clock pessimism              0.259    15.186    
                         clock uncertainty           -0.035    15.151    
    SLICE_X10Y115        FDCE (Recov_fdce_C_CLR)     -0.319    14.832    uart/div1khz/COUNTER_reg[8]
  -------------------------------------------------------------------
                         required time                         14.832    
                         arrival time                          -8.551    
  -------------------------------------------------------------------
                         slack                                  6.281    

Slack (MET) :             6.374ns  (required time - arrival time)
  Source:                 RST_SYNC_reg[2]/C
                            (rising edge-triggered cell FDCE clocked by sys_clk_pin  {rise@0.000ns fall@5.000ns period=10.000ns})
  Destination:            fr_fsm/END_ADDR_reg[1]/CLR
                            (recovery check against rising-edge clock sys_clk_pin  {rise@0.000ns fall@5.000ns period=10.000ns})
  Path Group:             **async_default**
  Path Type:              Recovery (Max at Slow Process Corner)
  Requirement:            10.000ns  (sys_clk_pin rise@10.000ns - sys_clk_pin rise@0.000ns)
  Data Path Delay:        3.155ns  (logic 0.518ns (16.417%)  route 2.637ns (83.583%))
  Logic Levels:           0  
  Clock Path Skew:        -0.030ns (DCD - SCD + CPR)
    Destination Clock Delay (DCD):    5.002ns = ( 15.002 - 10.000 ) 
    Source Clock Delay      (SCD):    5.291ns
    Clock Pessimism Removal (CPR):    0.259ns
  Clock Uncertainty:      0.035ns  ((TSJ^2 + TIJ^2)^1/2 + DJ) / 2 + PE
    Total System Jitter     (TSJ):    0.071ns
    Total Input Jitter      (TIJ):    0.000ns
    Discrete Jitter          (DJ):    0.000ns
    Phase Error              (PE):    0.000ns

    Location             Delay type                Incr(ns)  Path(ns)    Netlist Resource(s)
  -------------------------------------------------------------------    -------------------
                         (clock sys_clk_pin rise edge)
                                                      0.000     0.000 r  
    E3                                                0.000     0.000 r  CLK (IN)
                         net (fo=0)                   0.000     0.000    CLK
    E3                   IBUF (Prop_ibuf_I_O)         1.482     1.482 r  CLK_IBUF_inst/O
                         net (fo=1, routed)           2.025     3.506    CLK_IBUF
    BUFGCTRL_X0Y16       BUFG (Prop_bufg_I_O)         0.096     3.602 r  CLK_IBUF_BUFG_inst/O
                         net (fo=241, routed)         1.689     5.291    CLK_IBUF_BUFG
    SLICE_X2Y125         FDCE                                         r  RST_SYNC_reg[2]/C
  -------------------------------------------------------------------    -------------------
    SLICE_X2Y125         FDCE (Prop_fdce_C_Q)         0.518     5.809 f  RST_SYNC_reg[2]/Q
                         net (fo=238, routed)         2.637     8.447    fr_fsm/Q[0]
    SLICE_X4Y116         FDCE                                         f  fr_fsm/END_ADDR_reg[1]/CLR
  -------------------------------------------------------------------    -------------------

                         (clock sys_clk_pin rise edge)
                                                     10.000    10.000 r  
    E3                                                0.000    10.000 r  CLK (IN)
                         net (fo=0)                   0.000    10.000    CLK
    E3                   IBUF (Prop_ibuf_I_O)         1.411    11.411 r  CLK_IBUF_inst/O
                         net (fo=1, routed)           1.920    13.331    CLK_IBUF
    BUFGCTRL_X0Y16       BUFG (Prop_bufg_I_O)         0.091    13.422 r  CLK_IBUF_BUFG_inst/O
                         net (fo=241, routed)         1.580    15.002    fr_fsm/CLK_IBUF_BUFG
    SLICE_X4Y116         FDCE                                         r  fr_fsm/END_ADDR_reg[1]/C
                         clock pessimism              0.259    15.261    
                         clock uncertainty           -0.035    15.226    
    SLICE_X4Y116         FDCE (Recov_fdce_C_CLR)     -0.405    14.821    fr_fsm/END_ADDR_reg[1]
  -------------------------------------------------------------------
                         required time                         14.821    
                         arrival time                          -8.447    
  -------------------------------------------------------------------
                         slack                                  6.374    

Slack (MET) :             6.374ns  (required time - arrival time)
  Source:                 RST_SYNC_reg[2]/C
                            (rising edge-triggered cell FDCE clocked by sys_clk_pin  {rise@0.000ns fall@5.000ns period=10.000ns})
  Destination:            fr_fsm/END_ADDR_reg[3]/CLR
                            (recovery check against rising-edge clock sys_clk_pin  {rise@0.000ns fall@5.000ns period=10.000ns})
  Path Group:             **async_default**
  Path Type:              Recovery (Max at Slow Process Corner)
  Requirement:            10.000ns  (sys_clk_pin rise@10.000ns - sys_clk_pin rise@0.000ns)
  Data Path Delay:        3.155ns  (logic 0.518ns (16.417%)  route 2.637ns (83.583%))
  Logic Levels:           0  
  Clock Path Skew:        -0.030ns (DCD - SCD + CPR)
    Destination Clock Delay (DCD):    5.002ns = ( 15.002 - 10.000 ) 
    Source Clock Delay      (SCD):    5.291ns
    Clock Pessimism Removal (CPR):    0.259ns
  Clock Uncertainty:      0.035ns  ((TSJ^2 + TIJ^2)^1/2 + DJ) / 2 + PE
    Total System Jitter     (TSJ):    0.071ns
    Total Input Jitter      (TIJ):    0.000ns
    Discrete Jitter          (DJ):    0.000ns
    Phase Error              (PE):    0.000ns

    Location             Delay type                Incr(ns)  Path(ns)    Netlist Resource(s)
  -------------------------------------------------------------------    -------------------
                         (clock sys_clk_pin rise edge)
                                                      0.000     0.000 r  
    E3                                                0.000     0.000 r  CLK (IN)
                         net (fo=0)                   0.000     0.000    CLK
    E3                   IBUF (Prop_ibuf_I_O)         1.482     1.482 r  CLK_IBUF_inst/O
                         net (fo=1, routed)           2.025     3.506    CLK_IBUF
    BUFGCTRL_X0Y16       BUFG (Prop_bufg_I_O)         0.096     3.602 r  CLK_IBUF_BUFG_inst/O
                         net (fo=241, routed)         1.689     5.291    CLK_IBUF_BUFG
    SLICE_X2Y125         FDCE                                         r  RST_SYNC_reg[2]/C
  -------------------------------------------------------------------    -------------------
    SLICE_X2Y125         FDCE (Prop_fdce_C_Q)         0.518     5.809 f  RST_SYNC_reg[2]/Q
                         net (fo=238, routed)         2.637     8.447    fr_fsm/Q[0]
    SLICE_X4Y116         FDCE                                         f  fr_fsm/END_ADDR_reg[3]/CLR
  -------------------------------------------------------------------    -------------------

                         (clock sys_clk_pin rise edge)
                                                     10.000    10.000 r  
    E3                                                0.000    10.000 r  CLK (IN)
                         net (fo=0)                   0.000    10.000    CLK
    E3                   IBUF (Prop_ibuf_I_O)         1.411    11.411 r  CLK_IBUF_inst/O
                         net (fo=1, routed)           1.920    13.331    CLK_IBUF
    BUFGCTRL_X0Y16       BUFG (Prop_bufg_I_O)         0.091    13.422 r  CLK_IBUF_BUFG_inst/O
                         net (fo=241, routed)         1.580    15.002    fr_fsm/CLK_IBUF_BUFG
    SLICE_X4Y116         FDCE                                         r  fr_fsm/END_ADDR_reg[3]/C
                         clock pessimism              0.259    15.261    
                         clock uncertainty           -0.035    15.226    
    SLICE_X4Y116         FDCE (Recov_fdce_C_CLR)     -0.405    14.821    fr_fsm/END_ADDR_reg[3]
  -------------------------------------------------------------------
                         required time                         14.821    
                         arrival time                          -8.447    
  -------------------------------------------------------------------
                         slack                                  6.374    

Slack (MET) :             6.374ns  (required time - arrival time)
  Source:                 RST_SYNC_reg[2]/C
                            (rising edge-triggered cell FDCE clocked by sys_clk_pin  {rise@0.000ns fall@5.000ns period=10.000ns})
  Destination:            fr_fsm/END_ADDR_reg[5]/CLR
                            (recovery check against rising-edge clock sys_clk_pin  {rise@0.000ns fall@5.000ns period=10.000ns})
  Path Group:             **async_default**
  Path Type:              Recovery (Max at Slow Process Corner)
  Requirement:            10.000ns  (sys_clk_pin rise@10.000ns - sys_clk_pin rise@0.000ns)
  Data Path Delay:        3.155ns  (logic 0.518ns (16.417%)  route 2.637ns (83.583%))
  Logic Levels:           0  
  Clock Path Skew:        -0.030ns (DCD - SCD + CPR)
    Destination Clock Delay (DCD):    5.002ns = ( 15.002 - 10.000 ) 
    Source Clock Delay      (SCD):    5.291ns
    Clock Pessimism Removal (CPR):    0.259ns
  Clock Uncertainty:      0.035ns  ((TSJ^2 + TIJ^2)^1/2 + DJ) / 2 + PE
    Total System Jitter     (TSJ):    0.071ns
    Total Input Jitter      (TIJ):    0.000ns
    Discrete Jitter          (DJ):    0.000ns
    Phase Error              (PE):    0.000ns

    Location             Delay type                Incr(ns)  Path(ns)    Netlist Resource(s)
  -------------------------------------------------------------------    -------------------
                         (clock sys_clk_pin rise edge)
                                                      0.000     0.000 r  
    E3                                                0.000     0.000 r  CLK (IN)
                         net (fo=0)                   0.000     0.000    CLK
    E3                   IBUF (Prop_ibuf_I_O)         1.482     1.482 r  CLK_IBUF_inst/O
                         net (fo=1, routed)           2.025     3.506    CLK_IBUF
    BUFGCTRL_X0Y16       BUFG (Prop_bufg_I_O)         0.096     3.602 r  CLK_IBUF_BUFG_inst/O
                         net (fo=241, routed)         1.689     5.291    CLK_IBUF_BUFG
    SLICE_X2Y125         FDCE                                         r  RST_SYNC_reg[2]/C
  -------------------------------------------------------------------    -------------------
    SLICE_X2Y125         FDCE (Prop_fdce_C_Q)         0.518     5.809 f  RST_SYNC_reg[2]/Q
                         net (fo=238, routed)         2.637     8.447    fr_fsm/Q[0]
    SLICE_X4Y116         FDCE                                         f  fr_fsm/END_ADDR_reg[5]/CLR
  -------------------------------------------------------------------    -------------------

                         (clock sys_clk_pin rise edge)
                                                     10.000    10.000 r  
    E3                                                0.000    10.000 r  CLK (IN)
                         net (fo=0)                   0.000    10.000    CLK
    E3                   IBUF (Prop_ibuf_I_O)         1.411    11.411 r  CLK_IBUF_inst/O
                         net (fo=1, routed)           1.920    13.331    CLK_IBUF
    BUFGCTRL_X0Y16       BUFG (Prop_bufg_I_O)         0.091    13.422 r  CLK_IBUF_BUFG_inst/O
                         net (fo=241, routed)         1.580    15.002    fr_fsm/CLK_IBUF_BUFG
    SLICE_X4Y116         FDCE                                         r  fr_fsm/END_ADDR_reg[5]/C
                         clock pessimism              0.259    15.261    
                         clock uncertainty           -0.035    15.226    
    SLICE_X4Y116         FDCE (Recov_fdce_C_CLR)     -0.405    14.821    fr_fsm/END_ADDR_reg[5]
  -------------------------------------------------------------------
                         required time                         14.821    
                         arrival time                          -8.447    
  -------------------------------------------------------------------
                         slack                                  6.374    

Slack (MET) :             6.374ns  (required time - arrival time)
  Source:                 RST_SYNC_reg[2]/C
                            (rising edge-triggered cell FDCE clocked by sys_clk_pin  {rise@0.000ns fall@5.000ns period=10.000ns})
  Destination:            fr_fsm/END_ADDR_reg[6]/CLR
                            (recovery check against rising-edge clock sys_clk_pin  {rise@0.000ns fall@5.000ns period=10.000ns})
  Path Group:             **async_default**
  Path Type:              Recovery (Max at Slow Process Corner)
  Requirement:            10.000ns  (sys_clk_pin rise@10.000ns - sys_clk_pin rise@0.000ns)
  Data Path Delay:        3.155ns  (logic 0.518ns (16.417%)  route 2.637ns (83.583%))
  Logic Levels:           0  
  Clock Path Skew:        -0.030ns (DCD - SCD + CPR)
    Destination Clock Delay (DCD):    5.002ns = ( 15.002 - 10.000 ) 
    Source Clock Delay      (SCD):    5.291ns
    Clock Pessimism Removal (CPR):    0.259ns
  Clock Uncertainty:      0.035ns  ((TSJ^2 + TIJ^2)^1/2 + DJ) / 2 + PE
    Total System Jitter     (TSJ):    0.071ns
    Total Input Jitter      (TIJ):    0.000ns
    Discrete Jitter          (DJ):    0.000ns
    Phase Error              (PE):    0.000ns

    Location             Delay type                Incr(ns)  Path(ns)    Netlist Resource(s)
  -------------------------------------------------------------------    -------------------
                         (clock sys_clk_pin rise edge)
                                                      0.000     0.000 r  
    E3                                                0.000     0.000 r  CLK (IN)
                         net (fo=0)                   0.000     0.000    CLK
    E3                   IBUF (Prop_ibuf_I_O)         1.482     1.482 r  CLK_IBUF_inst/O
                         net (fo=1, routed)           2.025     3.506    CLK_IBUF
    BUFGCTRL_X0Y16       BUFG (Prop_bufg_I_O)         0.096     3.602 r  CLK_IBUF_BUFG_inst/O
                         net (fo=241, routed)         1.689     5.291    CLK_IBUF_BUFG
    SLICE_X2Y125         FDCE                                         r  RST_SYNC_reg[2]/C
  -------------------------------------------------------------------    -------------------
    SLICE_X2Y125         FDCE (Prop_fdce_C_Q)         0.518     5.809 f  RST_SYNC_reg[2]/Q
                         net (fo=238, routed)         2.637     8.447    fr_fsm/Q[0]
    SLICE_X4Y116         FDCE                                         f  fr_fsm/END_ADDR_reg[6]/CLR
  -------------------------------------------------------------------    -------------------

                         (clock sys_clk_pin rise edge)
                                                     10.000    10.000 r  
    E3                                                0.000    10.000 r  CLK (IN)
                         net (fo=0)                   0.000    10.000    CLK
    E3                   IBUF (Prop_ibuf_I_O)         1.411    11.411 r  CLK_IBUF_inst/O
                         net (fo=1, routed)           1.920    13.331    CLK_IBUF
    BUFGCTRL_X0Y16       BUFG (Prop_bufg_I_O)         0.091    13.422 r  CLK_IBUF_BUFG_inst/O
                         net (fo=241, routed)         1.580    15.002    fr_fsm/CLK_IBUF_BUFG
    SLICE_X4Y116         FDCE                                         r  fr_fsm/END_ADDR_reg[6]/C
                         clock pessimism              0.259    15.261    
                         clock uncertainty           -0.035    15.226    
    SLICE_X4Y116         FDCE (Recov_fdce_C_CLR)     -0.405    14.821    fr_fsm/END_ADDR_reg[6]
  -------------------------------------------------------------------
                         required time                         14.821    
                         arrival time                          -8.447    
  -------------------------------------------------------------------
                         slack                                  6.374    





Min Delay Paths
--------------------------------------------------------------------------------------
Slack (MET) :             0.409ns  (arrival time - required time)
  Source:                 RST_SYNC_reg[2]/C
                            (rising edge-triggered cell FDCE clocked by sys_clk_pin  {rise@0.000ns fall@5.000ns period=10.000ns})
  Destination:            fr_fsm/RES_REG_reg[36]/PRE
                            (removal check against rising-edge clock sys_clk_pin  {rise@0.000ns fall@5.000ns period=10.000ns})
  Path Group:             **async_default**
  Path Type:              Removal (Min at Fast Process Corner)
  Requirement:            0.000ns  (sys_clk_pin rise@0.000ns - sys_clk_pin rise@0.000ns)
  Data Path Delay:        0.328ns  (logic 0.164ns (49.972%)  route 0.164ns (50.028%))
  Logic Levels:           0  
  Clock Path Skew:        0.014ns (DCD - SCD - CPR)
    Destination Clock Delay (DCD):    2.021ns
    Source Clock Delay      (SCD):    1.504ns
    Clock Pessimism Removal (CPR):    0.502ns

    Location             Delay type                Incr(ns)  Path(ns)    Netlist Resource(s)
  -------------------------------------------------------------------    -------------------
                         (clock sys_clk_pin rise edge)
                                                      0.000     0.000 r  
    E3                                                0.000     0.000 r  CLK (IN)
                         net (fo=0)                   0.000     0.000    CLK
    E3                   IBUF (Prop_ibuf_I_O)         0.250     0.250 r  CLK_IBUF_inst/O
                         net (fo=1, routed)           0.644     0.894    CLK_IBUF
    BUFGCTRL_X0Y16       BUFG (Prop_bufg_I_O)         0.026     0.920 r  CLK_IBUF_BUFG_inst/O
                         net (fo=241, routed)         0.585     1.504    CLK_IBUF_BUFG
    SLICE_X2Y125         FDCE                                         r  RST_SYNC_reg[2]/C
  -------------------------------------------------------------------    -------------------
    SLICE_X2Y125         FDCE (Prop_fdce_C_Q)         0.164     1.668 f  RST_SYNC_reg[2]/Q
                         net (fo=238, routed)         0.164     1.833    fr_fsm/Q[0]
    SLICE_X3Y126         FDPE                                         f  fr_fsm/RES_REG_reg[36]/PRE
  -------------------------------------------------------------------    -------------------

                         (clock sys_clk_pin rise edge)
                                                      0.000     0.000 r  
    E3                                                0.000     0.000 r  CLK (IN)
                         net (fo=0)                   0.000     0.000    CLK
    E3                   IBUF (Prop_ibuf_I_O)         0.438     0.438 r  CLK_IBUF_inst/O
                         net (fo=1, routed)           0.699     1.136    CLK_IBUF
    BUFGCTRL_X0Y16       BUFG (Prop_bufg_I_O)         0.029     1.165 r  CLK_IBUF_BUFG_inst/O
                         net (fo=241, routed)         0.855     2.021    fr_fsm/CLK_IBUF_BUFG
    SLICE_X3Y126         FDPE                                         r  fr_fsm/RES_REG_reg[36]/C
                         clock pessimism             -0.502     1.518    
    SLICE_X3Y126         FDPE (Remov_fdpe_C_PRE)     -0.095     1.423    fr_fsm/RES_REG_reg[36]
  -------------------------------------------------------------------
                         required time                         -1.423    
                         arrival time                           1.833    
  -------------------------------------------------------------------
                         slack                                  0.409    

Slack (MET) :             0.409ns  (arrival time - required time)
  Source:                 RST_SYNC_reg[2]/C
                            (rising edge-triggered cell FDCE clocked by sys_clk_pin  {rise@0.000ns fall@5.000ns period=10.000ns})
  Destination:            fr_fsm/RES_REG_reg[37]/PRE
                            (removal check against rising-edge clock sys_clk_pin  {rise@0.000ns fall@5.000ns period=10.000ns})
  Path Group:             **async_default**
  Path Type:              Removal (Min at Fast Process Corner)
  Requirement:            0.000ns  (sys_clk_pin rise@0.000ns - sys_clk_pin rise@0.000ns)
  Data Path Delay:        0.328ns  (logic 0.164ns (49.972%)  route 0.164ns (50.028%))
  Logic Levels:           0  
  Clock Path Skew:        0.014ns (DCD - SCD - CPR)
    Destination Clock Delay (DCD):    2.021ns
    Source Clock Delay      (SCD):    1.504ns
    Clock Pessimism Removal (CPR):    0.502ns

    Location             Delay type                Incr(ns)  Path(ns)    Netlist Resource(s)
  -------------------------------------------------------------------    -------------------
                         (clock sys_clk_pin rise edge)
                                                      0.000     0.000 r  
    E3                                                0.000     0.000 r  CLK (IN)
                         net (fo=0)                   0.000     0.000    CLK
    E3                   IBUF (Prop_ibuf_I_O)         0.250     0.250 r  CLK_IBUF_inst/O
                         net (fo=1, routed)           0.644     0.894    CLK_IBUF
    BUFGCTRL_X0Y16       BUFG (Prop_bufg_I_O)         0.026     0.920 r  CLK_IBUF_BUFG_inst/O
                         net (fo=241, routed)         0.585     1.504    CLK_IBUF_BUFG
    SLICE_X2Y125         FDCE                                         r  RST_SYNC_reg[2]/C
  -------------------------------------------------------------------    -------------------
    SLICE_X2Y125         FDCE (Prop_fdce_C_Q)         0.164     1.668 f  RST_SYNC_reg[2]/Q
                         net (fo=238, routed)         0.164     1.833    fr_fsm/Q[0]
    SLICE_X3Y126         FDPE                                         f  fr_fsm/RES_REG_reg[37]/PRE
  -------------------------------------------------------------------    -------------------

                         (clock sys_clk_pin rise edge)
                                                      0.000     0.000 r  
    E3                                                0.000     0.000 r  CLK (IN)
                         net (fo=0)                   0.000     0.000    CLK
    E3                   IBUF (Prop_ibuf_I_O)         0.438     0.438 r  CLK_IBUF_inst/O
                         net (fo=1, routed)           0.699     1.136    CLK_IBUF
    BUFGCTRL_X0Y16       BUFG (Prop_bufg_I_O)         0.029     1.165 r  CLK_IBUF_BUFG_inst/O
                         net (fo=241, routed)         0.855     2.021    fr_fsm/CLK_IBUF_BUFG
    SLICE_X3Y126         FDPE                                         r  fr_fsm/RES_REG_reg[37]/C
                         clock pessimism             -0.502     1.518    
    SLICE_X3Y126         FDPE (Remov_fdpe_C_PRE)     -0.095     1.423    fr_fsm/RES_REG_reg[37]
  -------------------------------------------------------------------
                         required time                         -1.423    
                         arrival time                           1.833    
  -------------------------------------------------------------------
                         slack                                  0.409    

Slack (MET) :             0.409ns  (arrival time - required time)
  Source:                 RST_SYNC_reg[2]/C
                            (rising edge-triggered cell FDCE clocked by sys_clk_pin  {rise@0.000ns fall@5.000ns period=10.000ns})
  Destination:            fr_fsm/RES_REG_reg[38]/PRE
                            (removal check against rising-edge clock sys_clk_pin  {rise@0.000ns fall@5.000ns period=10.000ns})
  Path Group:             **async_default**
  Path Type:              Removal (Min at Fast Process Corner)
  Requirement:            0.000ns  (sys_clk_pin rise@0.000ns - sys_clk_pin rise@0.000ns)
  Data Path Delay:        0.328ns  (logic 0.164ns (49.972%)  route 0.164ns (50.028%))
  Logic Levels:           0  
  Clock Path Skew:        0.014ns (DCD - SCD - CPR)
    Destination Clock Delay (DCD):    2.021ns
    Source Clock Delay      (SCD):    1.504ns
    Clock Pessimism Removal (CPR):    0.502ns

    Location             Delay type                Incr(ns)  Path(ns)    Netlist Resource(s)
  -------------------------------------------------------------------    -------------------
                         (clock sys_clk_pin rise edge)
                                                      0.000     0.000 r  
    E3                                                0.000     0.000 r  CLK (IN)
                         net (fo=0)                   0.000     0.000    CLK
    E3                   IBUF (Prop_ibuf_I_O)         0.250     0.250 r  CLK_IBUF_inst/O
                         net (fo=1, routed)           0.644     0.894    CLK_IBUF
    BUFGCTRL_X0Y16       BUFG (Prop_bufg_I_O)         0.026     0.920 r  CLK_IBUF_BUFG_inst/O
                         net (fo=241, routed)         0.585     1.504    CLK_IBUF_BUFG
    SLICE_X2Y125         FDCE                                         r  RST_SYNC_reg[2]/C
  -------------------------------------------------------------------    -------------------
    SLICE_X2Y125         FDCE (Prop_fdce_C_Q)         0.164     1.668 f  RST_SYNC_reg[2]/Q
                         net (fo=238, routed)         0.164     1.833    fr_fsm/Q[0]
    SLICE_X3Y126         FDPE                                         f  fr_fsm/RES_REG_reg[38]/PRE
  -------------------------------------------------------------------    -------------------

                         (clock sys_clk_pin rise edge)
                                                      0.000     0.000 r  
    E3                                                0.000     0.000 r  CLK (IN)
                         net (fo=0)                   0.000     0.000    CLK
    E3                   IBUF (Prop_ibuf_I_O)         0.438     0.438 r  CLK_IBUF_inst/O
                         net (fo=1, routed)           0.699     1.136    CLK_IBUF
    BUFGCTRL_X0Y16       BUFG (Prop_bufg_I_O)         0.029     1.165 r  CLK_IBUF_BUFG_inst/O
                         net (fo=241, routed)         0.855     2.021    fr_fsm/CLK_IBUF_BUFG
    SLICE_X3Y126         FDPE                                         r  fr_fsm/RES_REG_reg[38]/C
                         clock pessimism             -0.502     1.518    
    SLICE_X3Y126         FDPE (Remov_fdpe_C_PRE)     -0.095     1.423    fr_fsm/RES_REG_reg[38]
  -------------------------------------------------------------------
                         required time                         -1.423    
                         arrival time                           1.833    
  -------------------------------------------------------------------
                         slack                                  0.409    

Slack (MET) :             0.409ns  (arrival time - required time)
  Source:                 RST_SYNC_reg[2]/C
                            (rising edge-triggered cell FDCE clocked by sys_clk_pin  {rise@0.000ns fall@5.000ns period=10.000ns})
  Destination:            fr_fsm/RES_REG_reg[39]/PRE
                            (removal check against rising-edge clock sys_clk_pin  {rise@0.000ns fall@5.000ns period=10.000ns})
  Path Group:             **async_default**
  Path Type:              Removal (Min at Fast Process Corner)
  Requirement:            0.000ns  (sys_clk_pin rise@0.000ns - sys_clk_pin rise@0.000ns)
  Data Path Delay:        0.328ns  (logic 0.164ns (49.972%)  route 0.164ns (50.028%))
  Logic Levels:           0  
  Clock Path Skew:        0.014ns (DCD - SCD - CPR)
    Destination Clock Delay (DCD):    2.021ns
    Source Clock Delay      (SCD):    1.504ns
    Clock Pessimism Removal (CPR):    0.502ns

    Location             Delay type                Incr(ns)  Path(ns)    Netlist Resource(s)
  -------------------------------------------------------------------    -------------------
                         (clock sys_clk_pin rise edge)
                                                      0.000     0.000 r  
    E3                                                0.000     0.000 r  CLK (IN)
                         net (fo=0)                   0.000     0.000    CLK
    E3                   IBUF (Prop_ibuf_I_O)         0.250     0.250 r  CLK_IBUF_inst/O
                         net (fo=1, routed)           0.644     0.894    CLK_IBUF
    BUFGCTRL_X0Y16       BUFG (Prop_bufg_I_O)         0.026     0.920 r  CLK_IBUF_BUFG_inst/O
                         net (fo=241, routed)         0.585     1.504    CLK_IBUF_BUFG
    SLICE_X2Y125         FDCE                                         r  RST_SYNC_reg[2]/C
  -------------------------------------------------------------------    -------------------
    SLICE_X2Y125         FDCE (Prop_fdce_C_Q)         0.164     1.668 f  RST_SYNC_reg[2]/Q
                         net (fo=238, routed)         0.164     1.833    fr_fsm/Q[0]
    SLICE_X3Y126         FDPE                                         f  fr_fsm/RES_REG_reg[39]/PRE
  -------------------------------------------------------------------    -------------------

                         (clock sys_clk_pin rise edge)
                                                      0.000     0.000 r  
    E3                                                0.000     0.000 r  CLK (IN)
                         net (fo=0)                   0.000     0.000    CLK
    E3                   IBUF (Prop_ibuf_I_O)         0.438     0.438 r  CLK_IBUF_inst/O
                         net (fo=1, routed)           0.699     1.136    CLK_IBUF
    BUFGCTRL_X0Y16       BUFG (Prop_bufg_I_O)         0.029     1.165 r  CLK_IBUF_BUFG_inst/O
                         net (fo=241, routed)         0.855     2.021    fr_fsm/CLK_IBUF_BUFG
    SLICE_X3Y126         FDPE                                         r  fr_fsm/RES_REG_reg[39]/C
                         clock pessimism             -0.502     1.518    
    SLICE_X3Y126         FDPE (Remov_fdpe_C_PRE)     -0.095     1.423    fr_fsm/RES_REG_reg[39]
  -------------------------------------------------------------------
                         required time                         -1.423    
                         arrival time                           1.833    
  -------------------------------------------------------------------
                         slack                                  0.409    

Slack (MET) :             0.453ns  (arrival time - required time)
  Source:                 RST_SYNC_reg[2]/C
                            (rising edge-triggered cell FDCE clocked by sys_clk_pin  {rise@0.000ns fall@5.000ns period=10.000ns})
  Destination:            fr_fsm/DATA_REG_reg[10]/CLR
                            (removal check against rising-edge clock sys_clk_pin  {rise@0.000ns fall@5.000ns period=10.000ns})
  Path Group:             **async_default**
  Path Type:              Removal (Min at Fast Process Corner)
  Requirement:            0.000ns  (sys_clk_pin rise@0.000ns - sys_clk_pin rise@0.000ns)
  Data Path Delay:        0.428ns  (logic 0.164ns (38.286%)  route 0.264ns (61.714%))
  Logic Levels:           0  
  Clock Path Skew:        0.042ns (DCD - SCD - CPR)
    Destination Clock Delay (DCD):    2.026ns
    Source Clock Delay      (SCD):    1.504ns
    Clock Pessimism Removal (CPR):    0.479ns

    Location             Delay type                Incr(ns)  Path(ns)    Netlist Resource(s)
  -------------------------------------------------------------------    -------------------
                         (clock sys_clk_pin rise edge)
                                                      0.000     0.000 r  
    E3                                                0.000     0.000 r  CLK (IN)
                         net (fo=0)                   0.000     0.000    CLK
    E3                   IBUF (Prop_ibuf_I_O)         0.250     0.250 r  CLK_IBUF_inst/O
                         net (fo=1, routed)           0.644     0.894    CLK_IBUF
    BUFGCTRL_X0Y16       BUFG (Prop_bufg_I_O)         0.026     0.920 r  CLK_IBUF_BUFG_inst/O
                         net (fo=241, routed)         0.585     1.504    CLK_IBUF_BUFG
    SLICE_X2Y125         FDCE                                         r  RST_SYNC_reg[2]/C
  -------------------------------------------------------------------    -------------------
    SLICE_X2Y125         FDCE (Prop_fdce_C_Q)         0.164     1.668 f  RST_SYNC_reg[2]/Q
                         net (fo=238, routed)         0.264     1.933    fr_fsm/Q[0]
    SLICE_X2Y119         FDCE                                         f  fr_fsm/DATA_REG_reg[10]/CLR
  -------------------------------------------------------------------    -------------------

                         (clock sys_clk_pin rise edge)
                                                      0.000     0.000 r  
    E3                                                0.000     0.000 r  CLK (IN)
                         net (fo=0)                   0.000     0.000    CLK
    E3                   IBUF (Prop_ibuf_I_O)         0.438     0.438 r  CLK_IBUF_inst/O
                         net (fo=1, routed)           0.699     1.136    CLK_IBUF
    BUFGCTRL_X0Y16       BUFG (Prop_bufg_I_O)         0.029     1.165 r  CLK_IBUF_BUFG_inst/O
                         net (fo=241, routed)         0.860     2.026    fr_fsm/CLK_IBUF_BUFG
    SLICE_X2Y119         FDCE                                         r  fr_fsm/DATA_REG_reg[10]/C
                         clock pessimism             -0.479     1.546    
    SLICE_X2Y119         FDCE (Remov_fdce_C_CLR)     -0.067     1.479    fr_fsm/DATA_REG_reg[10]
  -------------------------------------------------------------------
                         required time                         -1.479    
                         arrival time                           1.933    
  -------------------------------------------------------------------
                         slack                                  0.453    

Slack (MET) :             0.453ns  (arrival time - required time)
  Source:                 RST_SYNC_reg[2]/C
                            (rising edge-triggered cell FDCE clocked by sys_clk_pin  {rise@0.000ns fall@5.000ns period=10.000ns})
  Destination:            fr_fsm/DATA_REG_reg[11]/CLR
                            (removal check against rising-edge clock sys_clk_pin  {rise@0.000ns fall@5.000ns period=10.000ns})
  Path Group:             **async_default**
  Path Type:              Removal (Min at Fast Process Corner)
  Requirement:            0.000ns  (sys_clk_pin rise@0.000ns - sys_clk_pin rise@0.000ns)
  Data Path Delay:        0.428ns  (logic 0.164ns (38.286%)  route 0.264ns (61.714%))
  Logic Levels:           0  
  Clock Path Skew:        0.042ns (DCD - SCD - CPR)
    Destination Clock Delay (DCD):    2.026ns
    Source Clock Delay      (SCD):    1.504ns
    Clock Pessimism Removal (CPR):    0.479ns

    Location             Delay type                Incr(ns)  Path(ns)    Netlist Resource(s)
  -------------------------------------------------------------------    -------------------
                         (clock sys_clk_pin rise edge)
                                                      0.000     0.000 r  
    E3                                                0.000     0.000 r  CLK (IN)
                         net (fo=0)                   0.000     0.000    CLK
    E3                   IBUF (Prop_ibuf_I_O)         0.250     0.250 r  CLK_IBUF_inst/O
                         net (fo=1, routed)           0.644     0.894    CLK_IBUF
    BUFGCTRL_X0Y16       BUFG (Prop_bufg_I_O)         0.026     0.920 r  CLK_IBUF_BUFG_inst/O
                         net (fo=241, routed)         0.585     1.504    CLK_IBUF_BUFG
    SLICE_X2Y125         FDCE                                         r  RST_SYNC_reg[2]/C
  -------------------------------------------------------------------    -------------------
    SLICE_X2Y125         FDCE (Prop_fdce_C_Q)         0.164     1.668 f  RST_SYNC_reg[2]/Q
                         net (fo=238, routed)         0.264     1.933    fr_fsm/Q[0]
    SLICE_X2Y119         FDCE                                         f  fr_fsm/DATA_REG_reg[11]/CLR
  -------------------------------------------------------------------    -------------------

                         (clock sys_clk_pin rise edge)
                                                      0.000     0.000 r  
    E3                                                0.000     0.000 r  CLK (IN)
                         net (fo=0)                   0.000     0.000    CLK
    E3                   IBUF (Prop_ibuf_I_O)         0.438     0.438 r  CLK_IBUF_inst/O
                         net (fo=1, routed)           0.699     1.136    CLK_IBUF
    BUFGCTRL_X0Y16       BUFG (Prop_bufg_I_O)         0.029     1.165 r  CLK_IBUF_BUFG_inst/O
                         net (fo=241, routed)         0.860     2.026    fr_fsm/CLK_IBUF_BUFG
    SLICE_X2Y119         FDCE                                         r  fr_fsm/DATA_REG_reg[11]/C
                         clock pessimism             -0.479     1.546    
    SLICE_X2Y119         FDCE (Remov_fdce_C_CLR)     -0.067     1.479    fr_fsm/DATA_REG_reg[11]
  -------------------------------------------------------------------
                         required time                         -1.479    
                         arrival time                           1.933    
  -------------------------------------------------------------------
                         slack                                  0.453    

Slack (MET) :             0.470ns  (arrival time - required time)
  Source:                 RST_SYNC_reg[2]/C
                            (rising edge-triggered cell FDCE clocked by sys_clk_pin  {rise@0.000ns fall@5.000ns period=10.000ns})
  Destination:            fr_fsm/RES_REG_reg[40]/PRE
                            (removal check against rising-edge clock sys_clk_pin  {rise@0.000ns fall@5.000ns period=10.000ns})
  Path Group:             **async_default**
  Path Type:              Removal (Min at Fast Process Corner)
  Requirement:            0.000ns  (sys_clk_pin rise@0.000ns - sys_clk_pin rise@0.000ns)
  Data Path Delay:        0.391ns  (logic 0.164ns (41.893%)  route 0.227ns (58.107%))
  Logic Levels:           0  
  Clock Path Skew:        0.016ns (DCD - SCD - CPR)
    Destination Clock Delay (DCD):    2.023ns
    Source Clock Delay      (SCD):    1.504ns
    Clock Pessimism Removal (CPR):    0.502ns

    Location             Delay type                Incr(ns)  Path(ns)    Netlist Resource(s)
  -------------------------------------------------------------------    -------------------
                         (clock sys_clk_pin rise edge)
                                                      0.000     0.000 r  
    E3                                                0.000     0.000 r  CLK (IN)
                         net (fo=0)                   0.000     0.000    CLK
    E3                   IBUF (Prop_ibuf_I_O)         0.250     0.250 r  CLK_IBUF_inst/O
                         net (fo=1, routed)           0.644     0.894    CLK_IBUF
    BUFGCTRL_X0Y16       BUFG (Prop_bufg_I_O)         0.026     0.920 r  CLK_IBUF_BUFG_inst/O
                         net (fo=241, routed)         0.585     1.504    CLK_IBUF_BUFG
    SLICE_X2Y125         FDCE                                         r  RST_SYNC_reg[2]/C
  -------------------------------------------------------------------    -------------------
    SLICE_X2Y125         FDCE (Prop_fdce_C_Q)         0.164     1.668 f  RST_SYNC_reg[2]/Q
                         net (fo=238, routed)         0.227     1.896    fr_fsm/Q[0]
    SLICE_X3Y127         FDPE                                         f  fr_fsm/RES_REG_reg[40]/PRE
  -------------------------------------------------------------------    -------------------

                         (clock sys_clk_pin rise edge)
                                                      0.000     0.000 r  
    E3                                                0.000     0.000 r  CLK (IN)
                         net (fo=0)                   0.000     0.000    CLK
    E3                   IBUF (Prop_ibuf_I_O)         0.438     0.438 r  CLK_IBUF_inst/O
                         net (fo=1, routed)           0.699     1.136    CLK_IBUF
    BUFGCTRL_X0Y16       BUFG (Prop_bufg_I_O)         0.029     1.165 r  CLK_IBUF_BUFG_inst/O
                         net (fo=241, routed)         0.858     2.023    fr_fsm/CLK_IBUF_BUFG
    SLICE_X3Y127         FDPE                                         r  fr_fsm/RES_REG_reg[40]/C
                         clock pessimism             -0.502     1.520    
    SLICE_X3Y127         FDPE (Remov_fdpe_C_PRE)     -0.095     1.425    fr_fsm/RES_REG_reg[40]
  -------------------------------------------------------------------
                         required time                         -1.425    
                         arrival time                           1.896    
  -------------------------------------------------------------------
                         slack                                  0.470    

Slack (MET) :             0.470ns  (arrival time - required time)
  Source:                 RST_SYNC_reg[2]/C
                            (rising edge-triggered cell FDCE clocked by sys_clk_pin  {rise@0.000ns fall@5.000ns period=10.000ns})
  Destination:            fr_fsm/RES_REG_reg[41]/PRE
                            (removal check against rising-edge clock sys_clk_pin  {rise@0.000ns fall@5.000ns period=10.000ns})
  Path Group:             **async_default**
  Path Type:              Removal (Min at Fast Process Corner)
  Requirement:            0.000ns  (sys_clk_pin rise@0.000ns - sys_clk_pin rise@0.000ns)
  Data Path Delay:        0.391ns  (logic 0.164ns (41.893%)  route 0.227ns (58.107%))
  Logic Levels:           0  
  Clock Path Skew:        0.016ns (DCD - SCD - CPR)
    Destination Clock Delay (DCD):    2.023ns
    Source Clock Delay      (SCD):    1.504ns
    Clock Pessimism Removal (CPR):    0.502ns

    Location             Delay type                Incr(ns)  Path(ns)    Netlist Resource(s)
  -------------------------------------------------------------------    -------------------
                         (clock sys_clk_pin rise edge)
                                                      0.000     0.000 r  
    E3                                                0.000     0.000 r  CLK (IN)
                         net (fo=0)                   0.000     0.000    CLK
    E3                   IBUF (Prop_ibuf_I_O)         0.250     0.250 r  CLK_IBUF_inst/O
                         net (fo=1, routed)           0.644     0.894    CLK_IBUF
    BUFGCTRL_X0Y16       BUFG (Prop_bufg_I_O)         0.026     0.920 r  CLK_IBUF_BUFG_inst/O
                         net (fo=241, routed)         0.585     1.504    CLK_IBUF_BUFG
    SLICE_X2Y125         FDCE                                         r  RST_SYNC_reg[2]/C
  -------------------------------------------------------------------    -------------------
    SLICE_X2Y125         FDCE (Prop_fdce_C_Q)         0.164     1.668 f  RST_SYNC_reg[2]/Q
                         net (fo=238, routed)         0.227     1.896    fr_fsm/Q[0]
    SLICE_X3Y127         FDPE                                         f  fr_fsm/RES_REG_reg[41]/PRE
  -------------------------------------------------------------------    -------------------

                         (clock sys_clk_pin rise edge)
                                                      0.000     0.000 r  
    E3                                                0.000     0.000 r  CLK (IN)
                         net (fo=0)                   0.000     0.000    CLK
    E3                   IBUF (Prop_ibuf_I_O)         0.438     0.438 r  CLK_IBUF_inst/O
                         net (fo=1, routed)           0.699     1.136    CLK_IBUF
    BUFGCTRL_X0Y16       BUFG (Prop_bufg_I_O)         0.029     1.165 r  CLK_IBUF_BUFG_inst/O
                         net (fo=241, routed)         0.858     2.023    fr_fsm/CLK_IBUF_BUFG
    SLICE_X3Y127         FDPE                                         r  fr_fsm/RES_REG_reg[41]/C
                         clock pessimism             -0.502     1.520    
    SLICE_X3Y127         FDPE (Remov_fdpe_C_PRE)     -0.095     1.425    fr_fsm/RES_REG_reg[41]
  -------------------------------------------------------------------
                         required time                         -1.425    
                         arrival time                           1.896    
  -------------------------------------------------------------------
                         slack                                  0.470    

Slack (MET) :             0.470ns  (arrival time - required time)
  Source:                 RST_SYNC_reg[2]/C
                            (rising edge-triggered cell FDCE clocked by sys_clk_pin  {rise@0.000ns fall@5.000ns period=10.000ns})
  Destination:            fr_fsm/RES_REG_reg[42]/PRE
                            (removal check against rising-edge clock sys_clk_pin  {rise@0.000ns fall@5.000ns period=10.000ns})
  Path Group:             **async_default**
  Path Type:              Removal (Min at Fast Process Corner)
  Requirement:            0.000ns  (sys_clk_pin rise@0.000ns - sys_clk_pin rise@0.000ns)
  Data Path Delay:        0.391ns  (logic 0.164ns (41.893%)  route 0.227ns (58.107%))
  Logic Levels:           0  
  Clock Path Skew:        0.016ns (DCD - SCD - CPR)
    Destination Clock Delay (DCD):    2.023ns
    Source Clock Delay      (SCD):    1.504ns
    Clock Pessimism Removal (CPR):    0.502ns

    Location             Delay type                Incr(ns)  Path(ns)    Netlist Resource(s)
  -------------------------------------------------------------------    -------------------
                         (clock sys_clk_pin rise edge)
                                                      0.000     0.000 r  
    E3                                                0.000     0.000 r  CLK (IN)
                         net (fo=0)                   0.000     0.000    CLK
    E3                   IBUF (Prop_ibuf_I_O)         0.250     0.250 r  CLK_IBUF_inst/O
                         net (fo=1, routed)           0.644     0.894    CLK_IBUF
    BUFGCTRL_X0Y16       BUFG (Prop_bufg_I_O)         0.026     0.920 r  CLK_IBUF_BUFG_inst/O
                         net (fo=241, routed)         0.585     1.504    CLK_IBUF_BUFG
    SLICE_X2Y125         FDCE                                         r  RST_SYNC_reg[2]/C
  -------------------------------------------------------------------    -------------------
    SLICE_X2Y125         FDCE (Prop_fdce_C_Q)         0.164     1.668 f  RST_SYNC_reg[2]/Q
                         net (fo=238, routed)         0.227     1.896    fr_fsm/Q[0]
    SLICE_X3Y127         FDPE                                         f  fr_fsm/RES_REG_reg[42]/PRE
  -------------------------------------------------------------------    -------------------

                         (clock sys_clk_pin rise edge)
                                                      0.000     0.000 r  
    E3                                                0.000     0.000 r  CLK (IN)
                         net (fo=0)                   0.000     0.000    CLK
    E3                   IBUF (Prop_ibuf_I_O)         0.438     0.438 r  CLK_IBUF_inst/O
                         net (fo=1, routed)           0.699     1.136    CLK_IBUF
    BUFGCTRL_X0Y16       BUFG (Prop_bufg_I_O)         0.029     1.165 r  CLK_IBUF_BUFG_inst/O
                         net (fo=241, routed)         0.858     2.023    fr_fsm/CLK_IBUF_BUFG
    SLICE_X3Y127         FDPE                                         r  fr_fsm/RES_REG_reg[42]/C
                         clock pessimism             -0.502     1.520    
    SLICE_X3Y127         FDPE (Remov_fdpe_C_PRE)     -0.095     1.425    fr_fsm/RES_REG_reg[42]
  -------------------------------------------------------------------
                         required time                         -1.425    
                         arrival time                           1.896    
  -------------------------------------------------------------------
                         slack                                  0.470    

Slack (MET) :             0.470ns  (arrival time - required time)
  Source:                 RST_SYNC_reg[2]/C
                            (rising edge-triggered cell FDCE clocked by sys_clk_pin  {rise@0.000ns fall@5.000ns period=10.000ns})
  Destination:            fr_fsm/RES_REG_reg[43]/PRE
                            (removal check against rising-edge clock sys_clk_pin  {rise@0.000ns fall@5.000ns period=10.000ns})
  Path Group:             **async_default**
  Path Type:              Removal (Min at Fast Process Corner)
  Requirement:            0.000ns  (sys_clk_pin rise@0.000ns - sys_clk_pin rise@0.000ns)
  Data Path Delay:        0.391ns  (logic 0.164ns (41.893%)  route 0.227ns (58.107%))
  Logic Levels:           0  
  Clock Path Skew:        0.016ns (DCD - SCD - CPR)
    Destination Clock Delay (DCD):    2.023ns
    Source Clock Delay      (SCD):    1.504ns
    Clock Pessimism Removal (CPR):    0.502ns

    Location             Delay type                Incr(ns)  Path(ns)    Netlist Resource(s)
  -------------------------------------------------------------------    -------------------
                         (clock sys_clk_pin rise edge)
                                                      0.000     0.000 r  
    E3                                                0.000     0.000 r  CLK (IN)
                         net (fo=0)                   0.000     0.000    CLK
    E3                   IBUF (Prop_ibuf_I_O)         0.250     0.250 r  CLK_IBUF_inst/O
                         net (fo=1, routed)           0.644     0.894    CLK_IBUF
    BUFGCTRL_X0Y16       BUFG (Prop_bufg_I_O)         0.026     0.920 r  CLK_IBUF_BUFG_inst/O
                         net (fo=241, routed)         0.585     1.504    CLK_IBUF_BUFG
    SLICE_X2Y125         FDCE                                         r  RST_SYNC_reg[2]/C
  -------------------------------------------------------------------    -------------------
    SLICE_X2Y125         FDCE (Prop_fdce_C_Q)         0.164     1.668 f  RST_SYNC_reg[2]/Q
                         net (fo=238, routed)         0.227     1.896    fr_fsm/Q[0]
    SLICE_X3Y127         FDPE                                         f  fr_fsm/RES_REG_reg[43]/PRE
  -------------------------------------------------------------------    -------------------

                         (clock sys_clk_pin rise edge)
                                                      0.000     0.000 r  
    E3                                                0.000     0.000 r  CLK (IN)
                         net (fo=0)                   0.000     0.000    CLK
    E3                   IBUF (Prop_ibuf_I_O)         0.438     0.438 r  CLK_IBUF_inst/O
                         net (fo=1, routed)           0.699     1.136    CLK_IBUF
    BUFGCTRL_X0Y16       BUFG (Prop_bufg_I_O)         0.029     1.165 r  CLK_IBUF_BUFG_inst/O
                         net (fo=241, routed)         0.858     2.023    fr_fsm/CLK_IBUF_BUFG
    SLICE_X3Y127         FDPE                                         r  fr_fsm/RES_REG_reg[43]/C
                         clock pessimism             -0.502     1.520    
    SLICE_X3Y127         FDPE (Remov_fdpe_C_PRE)     -0.095     1.425    fr_fsm/RES_REG_reg[43]
  -------------------------------------------------------------------
                         required time                         -1.425    
                         arrival time                           1.896    
  -------------------------------------------------------------------
                         slack                                  0.470    





--------------------------------------------------------------------------------------
Path Group:  (none)
From Clock:  sys_clk_pin
  To Clock:  

Max Delay             1 Endpoint
Min Delay             1 Endpoint
--------------------------------------------------------------------------------------


Max Delay Paths
--------------------------------------------------------------------------------------
Slack:                    inf
  Source:                 uart/TXD_reg/C
                            (rising edge-triggered cell FDPE clocked by sys_clk_pin  {rise@0.000ns fall@5.000ns period=10.000ns})
  Destination:            UART_TXD
                            (output port)
  Path Group:             (none)
  Path Type:              Max at Slow Process Corner
  Data Path Delay:        8.408ns  (logic 4.001ns (47.580%)  route 4.407ns (52.420%))
  Logic Levels:           1  (OBUF=1)
  Clock Uncertainty:      0.025ns  ((TSJ^2 + TIJ^2)^1/2 + DJ) / 2 + PE
    Total System Jitter     (TSJ):    0.050ns
    Total Input Jitter      (TIJ):    0.000ns
    Discrete Jitter          (DJ):    0.000ns
    Phase Error              (PE):    0.000ns

    Location             Delay type                Incr(ns)  Path(ns)    Netlist Resource(s)
  -------------------------------------------------------------------    -------------------
                         (clock sys_clk_pin rise edge)
                                                      0.000     0.000 r  
    E3                                                0.000     0.000 r  CLK (IN)
                         net (fo=0)                   0.000     0.000    CLK
    E3                   IBUF (Prop_ibuf_I_O)         1.482     1.482 r  CLK_IBUF_inst/O
                         net (fo=1, routed)           2.025     3.506    CLK_IBUF
    BUFGCTRL_X0Y16       BUFG (Prop_bufg_I_O)         0.096     3.602 r  CLK_IBUF_BUFG_inst/O
                         net (fo=241, routed)         1.688     5.290    uart/CLK_IBUF_BUFG
    SLICE_X5Y125         FDPE                                         r  uart/TXD_reg/C
  -------------------------------------------------------------------    -------------------
    SLICE_X5Y125         FDPE (Prop_fdpe_C_Q)         0.456     5.746 r  uart/TXD_reg/Q
                         net (fo=1, routed)           4.407    10.154    UART_TXD_OBUF
    C4                   OBUF (Prop_obuf_I_O)         3.545    13.698 r  UART_TXD_OBUF_inst/O
                         net (fo=0)                   0.000    13.698    UART_TXD
    C4                                                                r  UART_TXD (OUT)
  -------------------------------------------------------------------    -------------------





Min Delay Paths
--------------------------------------------------------------------------------------
Slack:                    inf
  Source:                 uart/TXD_reg/C
                            (rising edge-triggered cell FDPE clocked by sys_clk_pin  {rise@0.000ns fall@5.000ns period=10.000ns})
  Destination:            UART_TXD
                            (output port)
  Path Group:             (none)
  Path Type:              Min at Fast Process Corner
  Data Path Delay:        3.023ns  (logic 1.386ns (45.861%)  route 1.636ns (54.139%))
  Logic Levels:           1  (OBUF=1)
  Clock Uncertainty:      0.025ns  ((TSJ^2 + TIJ^2)^1/2 + DJ) / 2 + PE
    Total System Jitter     (TSJ):    0.050ns
    Total Input Jitter      (TIJ):    0.000ns
    Discrete Jitter          (DJ):    0.000ns
    Phase Error              (PE):    0.000ns

    Location             Delay type                Incr(ns)  Path(ns)    Netlist Resource(s)
  -------------------------------------------------------------------    -------------------
                         (clock sys_clk_pin rise edge)
                                                      0.000     0.000 r  
    E3                                                0.000     0.000 r  CLK (IN)
                         net (fo=0)                   0.000     0.000    CLK
    E3                   IBUF (Prop_ibuf_I_O)         0.250     0.250 r  CLK_IBUF_inst/O
                         net (fo=1, routed)           0.644     0.894    CLK_IBUF
    BUFGCTRL_X0Y16       BUFG (Prop_bufg_I_O)         0.026     0.920 r  CLK_IBUF_BUFG_inst/O
                         net (fo=241, routed)         0.584     1.503    uart/CLK_IBUF_BUFG
    SLICE_X5Y125         FDPE                                         r  uart/TXD_reg/C
  -------------------------------------------------------------------    -------------------
    SLICE_X5Y125         FDPE (Prop_fdpe_C_Q)         0.141     1.644 r  uart/TXD_reg/Q
                         net (fo=1, routed)           1.636     3.281    UART_TXD_OBUF
    C4                   OBUF (Prop_obuf_I_O)         1.245     4.526 r  UART_TXD_OBUF_inst/O
                         net (fo=0)                   0.000     4.526    UART_TXD
    C4                                                                r  UART_TXD (OUT)
  -------------------------------------------------------------------    -------------------





--------------------------------------------------------------------------------------
Path Group:  (none)
From Clock:  
  To Clock:  sys_clk_pin

Max Delay             6 Endpoints
Min Delay             6 Endpoints
--------------------------------------------------------------------------------------


Max Delay Paths
--------------------------------------------------------------------------------------
Slack:                    inf
  Source:                 UART_RXD
                            (input port)
  Destination:            uart/SYNC_reg[0]/D
                            (rising edge-triggered cell FDPE clocked by sys_clk_pin  {rise@0.000ns fall@5.000ns period=10.000ns})
  Path Group:             (none)
  Path Type:              Setup (Max at Slow Process Corner)
  Data Path Delay:        5.072ns  (logic 1.500ns (29.585%)  route 3.571ns (70.415%))
  Logic Levels:           1  (IBUF=1)
  Clock Path Skew:        5.001ns (DCD - SCD + CPR)
    Destination Clock Delay (DCD):    5.001ns
    Source Clock Delay      (SCD):    0.000ns
    Clock Pessimism Removal (CPR):    0.000ns
  Clock Uncertainty:      0.025ns  ((TSJ^2 + TIJ^2)^1/2 + DJ) / 2 + PE
    Total System Jitter     (TSJ):    0.050ns
    Total Input Jitter      (TIJ):    0.000ns
    Discrete Jitter          (DJ):    0.000ns
    Phase Error              (PE):    0.000ns

    Location             Delay type                Incr(ns)  Path(ns)    Netlist Resource(s)
  -------------------------------------------------------------------    -------------------
    D4                                                0.000     0.000 r  UART_RXD (IN)
                         net (fo=0)                   0.000     0.000    UART_RXD
    D4                   IBUF (Prop_ibuf_I_O)         1.500     1.500 r  UART_RXD_IBUF_inst/O
                         net (fo=1, routed)           3.571     5.072    uart/SYNC_reg[0]_0[0]
    SLICE_X6Y117         FDPE                                         r  uart/SYNC_reg[0]/D
  -------------------------------------------------------------------    -------------------

                         (clock sys_clk_pin rise edge)
                                                      0.000     0.000 r  
    E3                                                0.000     0.000 r  CLK (IN)
                         net (fo=0)                   0.000     0.000    CLK
    E3                   IBUF (Prop_ibuf_I_O)         1.411     1.411 r  CLK_IBUF_inst/O
                         net (fo=1, routed)           1.920     3.331    CLK_IBUF
    BUFGCTRL_X0Y16       BUFG (Prop_bufg_I_O)         0.091     3.422 r  CLK_IBUF_BUFG_inst/O
                         net (fo=241, routed)         1.579     5.001    uart/CLK_IBUF_BUFG
    SLICE_X6Y117         FDPE                                         r  uart/SYNC_reg[0]/C

Slack:                    inf
  Source:                 SYS_NRST
                            (input port)
  Destination:            RST_SYNC_reg[0]/PRE
                            (recovery check against rising-edge clock sys_clk_pin  {rise@0.000ns fall@5.000ns period=10.000ns})
  Path Group:             (none)
  Path Type:              Recovery (Max at Slow Process Corner)
  Data Path Delay:        4.256ns  (logic 1.631ns (38.324%)  route 2.625ns (61.676%))
  Logic Levels:           2  (IBUF=1 LUT1=1)
  Clock Path Skew:        4.994ns (DCD - SCD + CPR)
    Destination Clock Delay (DCD):    4.994ns
    Source Clock Delay      (SCD):    0.000ns
    Clock Pessimism Removal (CPR):    0.000ns
  Clock Uncertainty:      0.025ns  ((TSJ^2 + TIJ^2)^1/2 + DJ) / 2 + PE
    Total System Jitter     (TSJ):    0.050ns
    Total Input Jitter      (TIJ):    0.000ns
    Discrete Jitter          (DJ):    0.000ns
    Phase Error              (PE):    0.000ns

    Location             Delay type                Incr(ns)  Path(ns)    Netlist Resource(s)
  -------------------------------------------------------------------    -------------------
    C12                                               0.000     0.000 r  SYS_NRST (IN)
                         net (fo=0)                   0.000     0.000    SYS_NRST
    C12                  IBUF (Prop_ibuf_I_O)         1.507     1.507 r  SYS_NRST_IBUF_inst/O
                         net (fo=1, routed)           1.848     3.355    SYS_NRST_IBUF
    SLICE_X2Y125         LUT1 (Prop_lut1_I0_O)        0.124     3.479 f  RST_SYNC[2]_i_1/O
                         net (fo=3, routed)           0.777     4.256    RST_SYNC[2]_i_1_n_0
    SLICE_X2Y125         FDPE                                         f  RST_SYNC_reg[0]/PRE
  -------------------------------------------------------------------    -------------------

                         (clock sys_clk_pin rise edge)
                                                      0.000     0.000 r  
    E3                                                0.000     0.000 r  CLK (IN)
                         net (fo=0)                   0.000     0.000    CLK
    E3                   IBUF (Prop_ibuf_I_O)         1.411     1.411 r  CLK_IBUF_inst/O
                         net (fo=1, routed)           1.920     3.331    CLK_IBUF
    BUFGCTRL_X0Y16       BUFG (Prop_bufg_I_O)         0.091     3.422 r  CLK_IBUF_BUFG_inst/O
                         net (fo=241, routed)         1.572     4.994    CLK_IBUF_BUFG
    SLICE_X2Y125         FDPE                                         r  RST_SYNC_reg[0]/C

Slack:                    inf
  Source:                 SYS_NRST
                            (input port)
  Destination:            RST_SYNC_reg[1]/CLR
                            (recovery check against rising-edge clock sys_clk_pin  {rise@0.000ns fall@5.000ns period=10.000ns})
  Path Group:             (none)
  Path Type:              Recovery (Max at Slow Process Corner)
  Data Path Delay:        4.256ns  (logic 1.631ns (38.324%)  route 2.625ns (61.676%))
  Logic Levels:           2  (IBUF=1 LUT1=1)
  Clock Path Skew:        4.994ns (DCD - SCD + CPR)
    Destination Clock Delay (DCD):    4.994ns
    Source Clock Delay      (SCD):    0.000ns
    Clock Pessimism Removal (CPR):    0.000ns
  Clock Uncertainty:      0.025ns  ((TSJ^2 + TIJ^2)^1/2 + DJ) / 2 + PE
    Total System Jitter     (TSJ):    0.050ns
    Total Input Jitter      (TIJ):    0.000ns
    Discrete Jitter          (DJ):    0.000ns
    Phase Error              (PE):    0.000ns

    Location             Delay type                Incr(ns)  Path(ns)    Netlist Resource(s)
  -------------------------------------------------------------------    -------------------
    C12                                               0.000     0.000 r  SYS_NRST (IN)
                         net (fo=0)                   0.000     0.000    SYS_NRST
    C12                  IBUF (Prop_ibuf_I_O)         1.507     1.507 r  SYS_NRST_IBUF_inst/O
                         net (fo=1, routed)           1.848     3.355    SYS_NRST_IBUF
    SLICE_X2Y125         LUT1 (Prop_lut1_I0_O)        0.124     3.479 f  RST_SYNC[2]_i_1/O
                         net (fo=3, routed)           0.777     4.256    RST_SYNC[2]_i_1_n_0
    SLICE_X2Y125         FDCE                                         f  RST_SYNC_reg[1]/CLR
  -------------------------------------------------------------------    -------------------

                         (clock sys_clk_pin rise edge)
                                                      0.000     0.000 r  
    E3                                                0.000     0.000 r  CLK (IN)
                         net (fo=0)                   0.000     0.000    CLK
    E3                   IBUF (Prop_ibuf_I_O)         1.411     1.411 r  CLK_IBUF_inst/O
                         net (fo=1, routed)           1.920     3.331    CLK_IBUF
    BUFGCTRL_X0Y16       BUFG (Prop_bufg_I_O)         0.091     3.422 r  CLK_IBUF_BUFG_inst/O
                         net (fo=241, routed)         1.572     4.994    CLK_IBUF_BUFG
    SLICE_X2Y125         FDCE                                         r  RST_SYNC_reg[1]/C

Slack:                    inf
  Source:                 SYS_NRST
                            (input port)
  Destination:            RST_SYNC_reg[2]/CLR
                            (recovery check against rising-edge clock sys_clk_pin  {rise@0.000ns fall@5.000ns period=10.000ns})
  Path Group:             (none)
  Path Type:              Recovery (Max at Slow Process Corner)
  Data Path Delay:        4.256ns  (logic 1.631ns (38.324%)  route 2.625ns (61.676%))
  Logic Levels:           2  (IBUF=1 LUT1=1)
  Clock Path Skew:        4.994ns (DCD - SCD + CPR)
    Destination Clock Delay (DCD):    4.994ns
    Source Clock Delay      (SCD):    0.000ns
    Clock Pessimism Removal (CPR):    0.000ns
  Clock Uncertainty:      0.025ns  ((TSJ^2 + TIJ^2)^1/2 + DJ) / 2 + PE
    Total System Jitter     (TSJ):    0.050ns
    Total Input Jitter      (TIJ):    0.000ns
    Discrete Jitter          (DJ):    0.000ns
    Phase Error              (PE):    0.000ns

    Location             Delay type                Incr(ns)  Path(ns)    Netlist Resource(s)
  -------------------------------------------------------------------    -------------------
    C12                                               0.000     0.000 r  SYS_NRST (IN)
                         net (fo=0)                   0.000     0.000    SYS_NRST
    C12                  IBUF (Prop_ibuf_I_O)         1.507     1.507 r  SYS_NRST_IBUF_inst/O
                         net (fo=1, routed)           1.848     3.355    SYS_NRST_IBUF
    SLICE_X2Y125         LUT1 (Prop_lut1_I0_O)        0.124     3.479 f  RST_SYNC[2]_i_1/O
                         net (fo=3, routed)           0.777     4.256    RST_SYNC[2]_i_1_n_0
    SLICE_X2Y125         FDCE                                         f  RST_SYNC_reg[2]/CLR
  -------------------------------------------------------------------    -------------------

                         (clock sys_clk_pin rise edge)
                                                      0.000     0.000 r  
    E3                                                0.000     0.000 r  CLK (IN)
                         net (fo=0)                   0.000     0.000    CLK
    E3                   IBUF (Prop_ibuf_I_O)         1.411     1.411 r  CLK_IBUF_inst/O
                         net (fo=1, routed)           1.920     3.331    CLK_IBUF
    BUFGCTRL_X0Y16       BUFG (Prop_bufg_I_O)         0.091     3.422 r  CLK_IBUF_BUFG_inst/O
                         net (fo=241, routed)         1.572     4.994    CLK_IBUF_BUFG
    SLICE_X2Y125         FDCE                                         r  RST_SYNC_reg[2]/C

Slack:                    inf
  Source:                 BTN_0
                            (input port)
  Destination:            filt_btn0/BTN_D_reg/D
                            (rising edge-triggered cell FDCE clocked by sys_clk_pin  {rise@0.000ns fall@5.000ns period=10.000ns})
  Path Group:             (none)
  Path Type:              Setup (Max at Slow Process Corner)
  Data Path Delay:        3.858ns  (logic 1.488ns (38.565%)  route 2.370ns (61.435%))
  Logic Levels:           1  (IBUF=1)
  Clock Path Skew:        4.926ns (DCD - SCD + CPR)
    Destination Clock Delay (DCD):    4.926ns
    Source Clock Delay      (SCD):    0.000ns
    Clock Pessimism Removal (CPR):    0.000ns
  Clock Uncertainty:      0.025ns  ((TSJ^2 + TIJ^2)^1/2 + DJ) / 2 + PE
    Total System Jitter     (TSJ):    0.050ns
    Total Input Jitter      (TIJ):    0.000ns
    Discrete Jitter          (DJ):    0.000ns
    Phase Error              (PE):    0.000ns

    Location             Delay type                Incr(ns)  Path(ns)    Netlist Resource(s)
  -------------------------------------------------------------------    -------------------
    P17                                               0.000     0.000 r  BTN_0 (IN)
                         net (fo=0)                   0.000     0.000    BTN_0
    P17                  IBUF (Prop_ibuf_I_O)         1.488     1.488 r  BTN_0_IBUF_inst/O
                         net (fo=1, routed)           2.370     3.858    filt_btn0/BTN_0_IBUF
    SLICE_X8Y112         FDCE                                         r  filt_btn0/BTN_D_reg/D
  -------------------------------------------------------------------    -------------------

                         (clock sys_clk_pin rise edge)
                                                      0.000     0.000 r  
    E3                                                0.000     0.000 r  CLK (IN)
                         net (fo=0)                   0.000     0.000    CLK
    E3                   IBUF (Prop_ibuf_I_O)         1.411     1.411 r  CLK_IBUF_inst/O
                         net (fo=1, routed)           1.920     3.331    CLK_IBUF
    BUFGCTRL_X0Y16       BUFG (Prop_bufg_I_O)         0.091     3.422 r  CLK_IBUF_BUFG_inst/O
                         net (fo=241, routed)         1.504     4.926    filt_btn0/CLK_IBUF_BUFG
    SLICE_X8Y112         FDCE                                         r  filt_btn0/BTN_D_reg/C

Slack:                    inf
  Source:                 BTN_1
                            (input port)
  Destination:            filt_btn1/BTN_D_reg/D
                            (rising edge-triggered cell FDCE clocked by sys_clk_pin  {rise@0.000ns fall@5.000ns period=10.000ns})
  Path Group:             (none)
  Path Type:              Setup (Max at Slow Process Corner)
  Data Path Delay:        3.776ns  (logic 1.467ns (38.860%)  route 2.309ns (61.140%))
  Logic Levels:           1  (IBUF=1)
  Clock Path Skew:        4.926ns (DCD - SCD + CPR)
    Destination Clock Delay (DCD):    4.926ns
    Source Clock Delay      (SCD):    0.000ns
    Clock Pessimism Removal (CPR):    0.000ns
  Clock Uncertainty:      0.025ns  ((TSJ^2 + TIJ^2)^1/2 + DJ) / 2 + PE
    Total System Jitter     (TSJ):    0.050ns
    Total Input Jitter      (TIJ):    0.000ns
    Discrete Jitter          (DJ):    0.000ns
    Phase Error              (PE):    0.000ns

    Location             Delay type                Incr(ns)  Path(ns)    Netlist Resource(s)
  -------------------------------------------------------------------    -------------------
    M17                                               0.000     0.000 r  BTN_1 (IN)
                         net (fo=0)                   0.000     0.000    BTN_1
    M17                  IBUF (Prop_ibuf_I_O)         1.467     1.467 r  BTN_1_IBUF_inst/O
                         net (fo=1, routed)           2.309     3.776    filt_btn1/BTN_1_IBUF
    SLICE_X8Y112         FDCE                                         r  filt_btn1/BTN_D_reg/D
  -------------------------------------------------------------------    -------------------

                         (clock sys_clk_pin rise edge)
                                                      0.000     0.000 r  
    E3                                                0.000     0.000 r  CLK (IN)
                         net (fo=0)                   0.000     0.000    CLK
    E3                   IBUF (Prop_ibuf_I_O)         1.411     1.411 r  CLK_IBUF_inst/O
                         net (fo=1, routed)           1.920     3.331    CLK_IBUF
    BUFGCTRL_X0Y16       BUFG (Prop_bufg_I_O)         0.091     3.422 r  CLK_IBUF_BUFG_inst/O
                         net (fo=241, routed)         1.504     4.926    filt_btn1/CLK_IBUF_BUFG
    SLICE_X8Y112         FDCE                                         r  filt_btn1/BTN_D_reg/C





Min Delay Paths
--------------------------------------------------------------------------------------
Slack:                    inf
  Source:                 BTN_1
                            (input port)
  Destination:            filt_btn1/BTN_D_reg/D
                            (rising edge-triggered cell FDCE clocked by sys_clk_pin  {rise@0.000ns fall@5.000ns period=10.000ns})
  Path Group:             (none)
  Path Type:              Hold (Min at Fast Process Corner)
  Data Path Delay:        1.216ns  (logic 0.235ns (19.356%)  route 0.981ns (80.644%))
  Logic Levels:           1  (IBUF=1)
  Clock Path Skew:        2.001ns (DCD - SCD - CPR)
    Destination Clock Delay (DCD):    2.001ns
    Source Clock Delay      (SCD):    0.000ns
    Clock Pessimism Removal (CPR):    -0.000ns

    Location             Delay type                Incr(ns)  Path(ns)    Netlist Resource(s)
  -------------------------------------------------------------------    -------------------
    M17                                               0.000     0.000 r  BTN_1 (IN)
                         net (fo=0)                   0.000     0.000    BTN_1
    M17                  IBUF (Prop_ibuf_I_O)         0.235     0.235 r  BTN_1_IBUF_inst/O
                         net (fo=1, routed)           0.981     1.216    filt_btn1/BTN_1_IBUF
    SLICE_X8Y112         FDCE                                         r  filt_btn1/BTN_D_reg/D
  -------------------------------------------------------------------    -------------------

                         (clock sys_clk_pin rise edge)
                                                      0.000     0.000 r  
    E3                                                0.000     0.000 r  CLK (IN)
                         net (fo=0)                   0.000     0.000    CLK
    E3                   IBUF (Prop_ibuf_I_O)         0.438     0.438 r  CLK_IBUF_inst/O
                         net (fo=1, routed)           0.699     1.136    CLK_IBUF
    BUFGCTRL_X0Y16       BUFG (Prop_bufg_I_O)         0.029     1.165 r  CLK_IBUF_BUFG_inst/O
                         net (fo=241, routed)         0.836     2.001    filt_btn1/CLK_IBUF_BUFG
    SLICE_X8Y112         FDCE                                         r  filt_btn1/BTN_D_reg/C

Slack:                    inf
  Source:                 BTN_0
                            (input port)
  Destination:            filt_btn0/BTN_D_reg/D
                            (rising edge-triggered cell FDCE clocked by sys_clk_pin  {rise@0.000ns fall@5.000ns period=10.000ns})
  Path Group:             (none)
  Path Type:              Hold (Min at Fast Process Corner)
  Data Path Delay:        1.283ns  (logic 0.256ns (19.929%)  route 1.027ns (80.071%))
  Logic Levels:           1  (IBUF=1)
  Clock Path Skew:        2.001ns (DCD - SCD - CPR)
    Destination Clock Delay (DCD):    2.001ns
    Source Clock Delay      (SCD):    0.000ns
    Clock Pessimism Removal (CPR):    -0.000ns

    Location             Delay type                Incr(ns)  Path(ns)    Netlist Resource(s)
  -------------------------------------------------------------------    -------------------
    P17                                               0.000     0.000 r  BTN_0 (IN)
                         net (fo=0)                   0.000     0.000    BTN_0
    P17                  IBUF (Prop_ibuf_I_O)         0.256     0.256 r  BTN_0_IBUF_inst/O
                         net (fo=1, routed)           1.027     1.283    filt_btn0/BTN_0_IBUF
    SLICE_X8Y112         FDCE                                         r  filt_btn0/BTN_D_reg/D
  -------------------------------------------------------------------    -------------------

                         (clock sys_clk_pin rise edge)
                                                      0.000     0.000 r  
    E3                                                0.000     0.000 r  CLK (IN)
                         net (fo=0)                   0.000     0.000    CLK
    E3                   IBUF (Prop_ibuf_I_O)         0.438     0.438 r  CLK_IBUF_inst/O
                         net (fo=1, routed)           0.699     1.136    CLK_IBUF
    BUFGCTRL_X0Y16       BUFG (Prop_bufg_I_O)         0.029     1.165 r  CLK_IBUF_BUFG_inst/O
                         net (fo=241, routed)         0.836     2.001    filt_btn0/CLK_IBUF_BUFG
    SLICE_X8Y112         FDCE                                         r  filt_btn0/BTN_D_reg/C

Slack:                    inf
  Source:                 SYS_NRST
                            (input port)
  Destination:            RST_SYNC_reg[0]/PRE
                            (removal check against rising-edge clock sys_clk_pin  {rise@0.000ns fall@5.000ns period=10.000ns})
  Path Group:             (none)
  Path Type:              Removal (Min at Fast Process Corner)
  Data Path Delay:        1.394ns  (logic 0.320ns (22.919%)  route 1.075ns (77.081%))
  Logic Levels:           2  (IBUF=1 LUT1=1)
  Clock Path Skew:        2.020ns (DCD - SCD - CPR)
    Destination Clock Delay (DCD):    2.020ns
    Source Clock Delay      (SCD):    0.000ns
    Clock Pessimism Removal (CPR):    -0.000ns

    Location             Delay type                Incr(ns)  Path(ns)    Netlist Resource(s)
  -------------------------------------------------------------------    -------------------
    C12                                               0.000     0.000 r  SYS_NRST (IN)
                         net (fo=0)                   0.000     0.000    SYS_NRST
    C12                  IBUF (Prop_ibuf_I_O)         0.275     0.275 r  SYS_NRST_IBUF_inst/O
                         net (fo=1, routed)           0.702     0.977    SYS_NRST_IBUF
    SLICE_X2Y125         LUT1 (Prop_lut1_I0_O)        0.045     1.022 f  RST_SYNC[2]_i_1/O
                         net (fo=3, routed)           0.373     1.394    RST_SYNC[2]_i_1_n_0
    SLICE_X2Y125         FDPE                                         f  RST_SYNC_reg[0]/PRE
  -------------------------------------------------------------------    -------------------

                         (clock sys_clk_pin rise edge)
                                                      0.000     0.000 r  
    E3                                                0.000     0.000 r  CLK (IN)
                         net (fo=0)                   0.000     0.000    CLK
    E3                   IBUF (Prop_ibuf_I_O)         0.438     0.438 r  CLK_IBUF_inst/O
                         net (fo=1, routed)           0.699     1.136    CLK_IBUF
    BUFGCTRL_X0Y16       BUFG (Prop_bufg_I_O)         0.029     1.165 r  CLK_IBUF_BUFG_inst/O
                         net (fo=241, routed)         0.855     2.020    CLK_IBUF_BUFG
    SLICE_X2Y125         FDPE                                         r  RST_SYNC_reg[0]/C

Slack:                    inf
  Source:                 SYS_NRST
                            (input port)
  Destination:            RST_SYNC_reg[1]/CLR
                            (removal check against rising-edge clock sys_clk_pin  {rise@0.000ns fall@5.000ns period=10.000ns})
  Path Group:             (none)
  Path Type:              Removal (Min at Fast Process Corner)
  Data Path Delay:        1.394ns  (logic 0.320ns (22.919%)  route 1.075ns (77.081%))
  Logic Levels:           2  (IBUF=1 LUT1=1)
  Clock Path Skew:        2.020ns (DCD - SCD - CPR)
    Destination Clock Delay (DCD):    2.020ns
    Source Clock Delay      (SCD):    0.000ns
    Clock Pessimism Removal (CPR):    -0.000ns

    Location             Delay type                Incr(ns)  Path(ns)    Netlist Resource(s)
  -------------------------------------------------------------------    -------------------
    C12                                               0.000     0.000 r  SYS_NRST (IN)
                         net (fo=0)                   0.000     0.000    SYS_NRST
    C12                  IBUF (Prop_ibuf_I_O)         0.275     0.275 r  SYS_NRST_IBUF_inst/O
                         net (fo=1, routed)           0.702     0.977    SYS_NRST_IBUF
    SLICE_X2Y125         LUT1 (Prop_lut1_I0_O)        0.045     1.022 f  RST_SYNC[2]_i_1/O
                         net (fo=3, routed)           0.373     1.394    RST_SYNC[2]_i_1_n_0
    SLICE_X2Y125         FDCE                                         f  RST_SYNC_reg[1]/CLR
  -------------------------------------------------------------------    -------------------

                         (clock sys_clk_pin rise edge)
                                                      0.000     0.000 r  
    E3                                                0.000     0.000 r  CLK (IN)
                         net (fo=0)                   0.000     0.000    CLK
    E3                   IBUF (Prop_ibuf_I_O)         0.438     0.438 r  CLK_IBUF_inst/O
                         net (fo=1, routed)           0.699     1.136    CLK_IBUF
    BUFGCTRL_X0Y16       BUFG (Prop_bufg_I_O)         0.029     1.165 r  CLK_IBUF_BUFG_inst/O
                         net (fo=241, routed)         0.855     2.020    CLK_IBUF_BUFG
    SLICE_X2Y125         FDCE                                         r  RST_SYNC_reg[1]/C

Slack:                    inf
  Source:                 SYS_NRST
                            (input port)
  Destination:            RST_SYNC_reg[2]/CLR
                            (removal check against rising-edge clock sys_clk_pin  {rise@0.000ns fall@5.000ns period=10.000ns})
  Path Group:             (none)
  Path Type:              Removal (Min at Fast Process Corner)
  Data Path Delay:        1.394ns  (logic 0.320ns (22.919%)  route 1.075ns (77.081%))
  Logic Levels:           2  (IBUF=1 LUT1=1)
  Clock Path Skew:        2.020ns (DCD - SCD - CPR)
    Destination Clock Delay (DCD):    2.020ns
    Source Clock Delay      (SCD):    0.000ns
    Clock Pessimism Removal (CPR):    -0.000ns

    Location             Delay type                Incr(ns)  Path(ns)    Netlist Resource(s)
  -------------------------------------------------------------------    -------------------
    C12                                               0.000     0.000 r  SYS_NRST (IN)
                         net (fo=0)                   0.000     0.000    SYS_NRST
    C12                  IBUF (Prop_ibuf_I_O)         0.275     0.275 r  SYS_NRST_IBUF_inst/O
                         net (fo=1, routed)           0.702     0.977    SYS_NRST_IBUF
    SLICE_X2Y125         LUT1 (Prop_lut1_I0_O)        0.045     1.022 f  RST_SYNC[2]_i_1/O
                         net (fo=3, routed)           0.373     1.394    RST_SYNC[2]_i_1_n_0
    SLICE_X2Y125         FDCE                                         f  RST_SYNC_reg[2]/CLR
  -------------------------------------------------------------------    -------------------

                         (clock sys_clk_pin rise edge)
                                                      0.000     0.000 r  
    E3                                                0.000     0.000 r  CLK (IN)
                         net (fo=0)                   0.000     0.000    CLK
    E3                   IBUF (Prop_ibuf_I_O)         0.438     0.438 r  CLK_IBUF_inst/O
                         net (fo=1, routed)           0.699     1.136    CLK_IBUF
    BUFGCTRL_X0Y16       BUFG (Prop_bufg_I_O)         0.029     1.165 r  CLK_IBUF_BUFG_inst/O
                         net (fo=241, routed)         0.855     2.020    CLK_IBUF_BUFG
    SLICE_X2Y125         FDCE                                         r  RST_SYNC_reg[2]/C

Slack:                    inf
  Source:                 UART_RXD
                            (input port)
  Destination:            uart/SYNC_reg[0]/D
                            (rising edge-triggered cell FDPE clocked by sys_clk_pin  {rise@0.000ns fall@5.000ns period=10.000ns})
  Path Group:             (none)
  Path Type:              Hold (Min at Fast Process Corner)
  Data Path Delay:        1.927ns  (logic 0.268ns (13.918%)  route 1.658ns (86.082%))
  Logic Levels:           1  (IBUF=1)
  Clock Path Skew:        2.025ns (DCD - SCD - CPR)
    Destination Clock Delay (DCD):    2.025ns
    Source Clock Delay      (SCD):    0.000ns
    Clock Pessimism Removal (CPR):    -0.000ns

    Location             Delay type                Incr(ns)  Path(ns)    Netlist Resource(s)
  -------------------------------------------------------------------    -------------------
    D4                                                0.000     0.000 r  UART_RXD (IN)
                         net (fo=0)                   0.000     0.000    UART_RXD
    D4                   IBUF (Prop_ibuf_I_O)         0.268     0.268 r  UART_RXD_IBUF_inst/O
                         net (fo=1, routed)           1.658     1.927    uart/SYNC_reg[0]_0[0]
    SLICE_X6Y117         FDPE                                         r  uart/SYNC_reg[0]/D
  -------------------------------------------------------------------    -------------------

                         (clock sys_clk_pin rise edge)
                                                      0.000     0.000 r  
    E3                                                0.000     0.000 r  CLK (IN)
                         net (fo=0)                   0.000     0.000    CLK
    E3                   IBUF (Prop_ibuf_I_O)         0.438     0.438 r  CLK_IBUF_inst/O
                         net (fo=1, routed)           0.699     1.136    CLK_IBUF
    BUFGCTRL_X0Y16       BUFG (Prop_bufg_I_O)         0.029     1.165 r  CLK_IBUF_BUFG_inst/O
                         net (fo=241, routed)         0.859     2.025    uart/CLK_IBUF_BUFG
    SLICE_X6Y117         FDPE                                         r  uart/SYNC_reg[0]/C





